ValueDate,ValueDefinitionID,AmountLC,ValueComment,SourceComments,MainID,MainNameLocal,DateAdded
11.07.2026 00:00:00,Prices,1.540000,,RB Winterthur,Raiffeisen Winterthur Hypothek 1 Jahr Zinssatz,Raiffeisen Winterthur Hypothek 1 Jahr Zinssatz,11.07.2026 07:18:12
11.07.2026 00:00:00,Prices,1.690000,,RB Winterthur,Raiffeisen Winterthur Hypothek 5 Jahr Zinssatz,Raiffeisen Winterthur Hypothek 5 Jahr Zinssatz,11.07.2026 07:18:12
11.07.2026 00:00:00,Prices,2.060000,,RB Winterthur,Raiffeisen Winterthur Hypothek 10 Jahr Zinssatz,Raiffeisen Winterthur Hypothek 10 Jahr Zinssatz,11.07.2026 07:18:12
11.07.2026 00:00:00,Prices,2.490000,,RB Winterthur,Raiffeisen Winterthur Hypothek 15 Jahr Zinssatz,Raiffeisen Winterthur Hypothek 15 Jahr Zinssatz,11.07.2026 07:18:12
12.07.2026 00:00:00,Prices,1.540000,,RB Winterthur,Raiffeisen Winterthur Hypothek 1 Jahr Zinssatz,Raiffeisen Winterthur Hypothek 1 Jahr Zinssatz,12.07.2026 10:21:44
12.07.2026 00:00:00,Prices,1.690000,,RB Winterthur,Raiffeisen Winterthur Hypothek 5 Jahr Zinssatz,Raiffeisen Winterthur Hypothek 5 Jahr Zinssatz,12.07.2026 10:21:44
12.07.2026 00:00:00,Prices,2.060000,,RB Winterthur,Raiffeisen Winterthur Hypothek 10 Jahr Zinssatz,Raiffeisen Winterthur Hypothek 10 Jahr Zinssatz,12.07.2026 10:21:44
12.07.2026 00:00:00,Prices,2.490000,,RB Winterthur,Raiffeisen Winterthur Hypothek 15 Jahr Zinssatz,Raiffeisen Winterthur Hypothek 15 Jahr Zinssatz,12.07.2026 10:21:44
13.07.2026 00:00:00,Prices,1.540000,,RB Winterthur,Raiffeisen Winterthur Hypothek 1 Jahr Zinssatz,Raiffeisen Winterthur Hypothek 1 Jahr Zinssatz,13.07.2026 11:32:16
13.07.2026 00:00:00,Prices,1.700000,,RB Winterthur,Raiffeisen Winterthur Hypothek 5 Jahr Zinssatz,Raiffeisen Winterthur Hypothek 5 Jahr Zinssatz,13.07.2026 11:32:16
13.07.2026 00:00:00,Prices,2.070000,,RB Winterthur,Raiffeisen Winterthur Hypothek 10 Jahr Zinssatz,Raiffeisen Winterthur Hypothek 10 Jahr Zinssatz,13.07.2026 11:32:16
13.07.2026 00:00:00,Prices,2.500000,,RB Winterthur,Raiffeisen Winterthur Hypothek 15 Jahr Zinssatz,Raiffeisen Winterthur Hypothek 15 Jahr Zinssatz,13.07.2026 11:32:16
14.07.2026 00:00:00,Prices,1.570000,,RB Winterthur,Raiffeisen Winterthur Hypothek 1 Jahr Zinssatz,Raiffeisen Winterthur Hypothek 1 Jahr Zinssatz,14.07.2026 10:10:32
14.07.2026 00:00:00,Prices,1.730000,,RB Winterthur,Raiffeisen Winterthur Hypothek 5 Jahr Zinssatz,Raiffeisen Winterthur Hypothek 5 Jahr Zinssatz,14.07.2026 10:10:32
14.07.2026 00:00:00,Prices,2.090000,,RB Winterthur,Raiffeisen Winterthur Hypothek 10 Jahr Zinssatz,Raiffeisen Winterthur Hypothek 10 Jahr Zinssatz,14.07.2026 10:10:32
14.07.2026 00:00:00,Prices,2.520000,,RB Winterthur,Raiffeisen Winterthur Hypothek 15 Jahr Zinssatz,Raiffeisen Winterthur Hypothek 15 Jahr Zinssatz,14.07.2026 10:10:32
15.07.2026 00:00:00,Prices,1.560000,,RB Winterthur,Raiffeisen Winterthur Hypothek 1 Jahr Zinssatz,Raiffeisen Winterthur Hypothek 1 Jahr Zinssatz,15.07.2026 07:16:09
15.07.2026 00:00:00,Prices,1.710000,,RB Winterthur,Raiffeisen Winterthur Hypothek 5 Jahr Zinssatz,Raiffeisen Winterthur Hypothek 5 Jahr Zinssatz,15.07.2026 07:16:09
15.07.2026 00:00:00,Prices,2.080000,,RB Winterthur,Raiffeisen Winterthur Hypothek 10 Jahr Zinssatz,Raiffeisen Winterthur Hypothek 10 Jahr Zinssatz,15.07.2026 07:16:09
15.07.2026 00:00:00,Prices,2.510000,,RB Winterthur,Raiffeisen Winterthur Hypothek 15 Jahr Zinssatz,Raiffeisen Winterthur Hypothek 15 Jahr Zinssatz,15.07.2026 07:16:09
16.07.2026 00:00:00,Prices,1.560000,,RB Winterthur,Raiffeisen Winterthur Hypothek 1 Jahr Zinssatz,Raiffeisen Winterthur Hypothek 1 Jahr Zinssatz,16.07.2026 00:52:55
16.07.2026 00:00:00,Prices,1.720000,,RB Winterthur,Raiffeisen Winterthur Hypothek 5 Jahr Zinssatz,Raiffeisen Winterthur Hypothek 5 Jahr Zinssatz,16.07.2026 00:52:55
16.07.2026 00:00:00,Prices,2.090000,,RB Winterthur,Raiffeisen Winterthur Hypothek 10 Jahr Zinssatz,Raiffeisen Winterthur Hypothek 10 Jahr Zinssatz,16.07.2026 00:52:55
16.07.2026 00:00:00,Prices,2.510000,,RB Winterthur,Raiffeisen Winterthur Hypothek 15 Jahr Zinssatz,Raiffeisen Winterthur Hypothek 15 Jahr Zinssatz,16.07.2026 00:52:55
17.07.2026 00:00:00,Prices,1.570000,,RB Winterthur,Raiffeisen Winterthur Hypothek 1 Jahr Zinssatz,Raiffeisen Winterthur Hypothek 1 Jahr Zinssatz,17.07.2026 00:16:17
17.07.2026 00:00:00,Prices,1.730000,,RB Winterthur,Raiffeisen Winterthur Hypothek 5 Jahr Zinssatz,Raiffeisen Winterthur Hypothek 5 Jahr Zinssatz,17.07.2026 00:16:17
17.07.2026 00:00:00,Prices,2.090000,,RB Winterthur,Raiffeisen Winterthur Hypothek 10 Jahr Zinssatz,Raiffeisen Winterthur Hypothek 10 Jahr Zinssatz,17.07.2026 00:16:17
17.07.2026 00:00:00,Prices,2.520000,,RB Winterthur,Raiffeisen Winterthur Hypothek 15 Jahr Zinssatz,Raiffeisen Winterthur Hypothek 15 Jahr Zinssatz,17.07.2026 00:16:17
18.07.2026 00:00:00,Prices,1.580000,,RB Winterthur,Raiffeisen Winterthur Hypothek 1 Jahr Zinssatz,Raiffeisen Winterthur Hypothek 1 Jahr Zinssatz,18.07.2026 00:06:23
18.07.2026 00:00:00,Prices,1.730000,,RB Winterthur,Raiffeisen Winterthur Hypothek 5 Jahr Zinssatz,Raiffeisen Winterthur Hypothek 5 Jahr Zinssatz,18.07.2026 00:06:23
18.07.2026 00:00:00,Prices,2.090000,,RB Winterthur,Raiffeisen Winterthur Hypothek 10 Jahr Zinssatz,Raiffeisen Winterthur Hypothek 10 Jahr Zinssatz,18.07.2026 00:06:23
18.07.2026 00:00:00,Prices,2.500000,,RB Winterthur,Raiffeisen Winterthur Hypothek 15 Jahr Zinssatz,Raiffeisen Winterthur Hypothek 15 Jahr Zinssatz,18.07.2026 00:06:23
19.07.2026 00:00:00,Prices,1.580000,,RB Winterthur,Raiffeisen Winterthur Hypothek 1 Jahr Zinssatz,Raiffeisen Winterthur Hypothek 1 Jahr Zinssatz,19.07.2026 00:07:01
19.07.2026 00:00:00,Prices,1.730000,,RB Winterthur,Raiffeisen Winterthur Hypothek 5 Jahr Zinssatz,Raiffeisen Winterthur Hypothek 5 Jahr Zinssatz,19.07.2026 00:07:01
19.07.2026 00:00:00,Prices,2.090000,,RB Winterthur,Raiffeisen Winterthur Hypothek 10 Jahr Zinssatz,Raiffeisen Winterthur Hypothek 10 Jahr Zinssatz,19.07.2026 00:07:01
19.07.2026 00:00:00,Prices,2.500000,,RB Winterthur,Raiffeisen Winterthur Hypothek 15 Jahr Zinssatz,Raiffeisen Winterthur Hypothek 15 Jahr Zinssatz,19.07.2026 00:07:01
20.07.2026 00:00:00,Prices,1.580000,,RB Winterthur,Raiffeisen Winterthur Hypothek 1 Jahr Zinssatz,Raiffeisen Winterthur Hypothek 1 Jahr Zinssatz,20.07.2026 00:08:22
20.07.2026 00:00:00,Prices,1.730000,,RB Winterthur,Raiffeisen Winterthur Hypothek 5 Jahr Zinssatz,Raiffeisen Winterthur Hypothek 5 Jahr Zinssatz,20.07.2026 00:08:22
20.07.2026 00:00:00,Prices,2.090000,,RB Winterthur,Raiffeisen Winterthur Hypothek 10 Jahr Zinssatz,Raiffeisen Winterthur Hypothek 10 Jahr Zinssatz,20.07.2026 00:08:22
20.07.2026 00:00:00,Prices,2.500000,,RB Winterthur,Raiffeisen Winterthur Hypothek 15 Jahr Zinssatz,Raiffeisen Winterthur Hypothek 15 Jahr Zinssatz,20.07.2026 00:08:22
21.07.2026 00:00:00,Prices,1.580000,,RB Winterthur,Raiffeisen Winterthur Hypothek 1 Jahr Zinssatz,Raiffeisen Winterthur Hypothek 1 Jahr Zinssatz,21.07.2026 00:12:41
21.07.2026 00:00:00,Prices,1.760000,,RB Winterthur,Raiffeisen Winterthur Hypothek 5 Jahr Zinssatz,Raiffeisen Winterthur Hypothek 5 Jahr Zinssatz,21.07.2026 00:12:41
21.07.2026 00:00:00,Prices,2.110000,,RB Winterthur,Raiffeisen Winterthur Hypothek 10 Jahr Zinssatz,Raiffeisen Winterthur Hypothek 10 Jahr Zinssatz,21.07.2026 00:12:41
21.07.2026 00:00:00,Prices,2.530000,,RB Winterthur,Raiffeisen Winterthur Hypothek 15 Jahr Zinssatz,Raiffeisen Winterthur Hypothek 15 Jahr Zinssatz,21.07.2026 00:12:41
22.07.2026 00:00:00,Prices,1.580000,,RB Winterthur,Raiffeisen Winterthur Hypothek 1 Jahr Zinssatz,Raiffeisen Winterthur Hypothek 1 Jahr Zinssatz,22.07.2026 00:12:54
22.07.2026 00:00:00,Prices,1.760000,,RB Winterthur,Raiffeisen Winterthur Hypothek 5 Jahr Zinssatz,Raiffeisen Winterthur Hypothek 5 Jahr Zinssatz,22.07.2026 00:12:54
22.07.2026 00:00:00,Prices,2.110000,,RB Winterthur,Raiffeisen Winterthur Hypothek 10 Jahr Zinssatz,Raiffeisen Winterthur Hypothek 10 Jahr Zinssatz,22.07.2026 00:12:54
22.07.2026 00:00:00,Prices,2.520000,,RB Winterthur,Raiffeisen Winterthur Hypothek 15 Jahr Zinssatz,Raiffeisen Winterthur Hypothek 15 Jahr Zinssatz,22.07.2026 00:12:54
10.07.2026 13:02:23,Prices,0.440000,,SNB,Rendite Bundesobligationen Eidgenossenschaft 10 Jahre (%),Rendite Bundesobligationen Eidgenossenschaft 10 Jahre (%),11.07.2026 07:18:11
13.07.2026 13:00:53,Prices,0.467000,,SNB,Rendite Bundesobligationen Eidgenossenschaft 10 Jahre (%),Rendite Bundesobligationen Eidgenossenschaft 10 Jahre (%),14.07.2026 10:10:31
14.07.2026 12:56:52,Prices,0.485000,,SNB,Rendite Bundesobligationen Eidgenossenschaft 10 Jahre (%),Rendite Bundesobligationen Eidgenossenschaft 10 Jahre (%),15.07.2026 07:16:08
15.07.2026 13:00:03,Prices,0.473000,,SNB,Rendite Bundesobligationen Eidgenossenschaft 10 Jahre (%),Rendite Bundesobligationen Eidgenossenschaft 10 Jahre (%),15.07.2026 13:06:41
16.07.2026 13:01:07,Prices,0.483000,,SNB,Rendite Bundesobligationen Eidgenossenschaft 10 Jahre (%),Rendite Bundesobligationen Eidgenossenschaft 10 Jahre (%),16.07.2026 13:11:45
17.07.2026 13:01:01,Prices,0.480000,,SNB,Rendite Bundesobligationen Eidgenossenschaft 10 Jahre (%),Rendite Bundesobligationen Eidgenossenschaft 10 Jahre (%),17.07.2026 13:40:09
20.07.2026 13:05:00,Prices,0.490000,,SNB,Rendite Bundesobligationen Eidgenossenschaft 10 Jahre (%),Rendite Bundesobligationen Eidgenossenschaft 10 Jahre (%),20.07.2026 13:12:50
21.07.2026 14:01:21,Prices,0.513000,,SNB,Rendite Bundesobligationen Eidgenossenschaft 10 Jahre (%),Rendite Bundesobligationen Eidgenossenschaft 10 Jahre (%),21.07.2026 16:20:50
22.07.2026 13:30:04,Prices,0.499000,,SNB,Rendite Bundesobligationen Eidgenossenschaft 10 Jahre (%),Rendite Bundesobligationen Eidgenossenschaft 10 Jahre (%),22.07.2026 14:03:22
10.07.2026 17:50:00,Prices,1633.560000,,onvista,31008,STOXX Europe 600 EUR NR,11.07.2026 12:10:35
11.07.2026 23:00:00,Prices,1633.560000,,onvista,31008,STOXX Europe 600 EUR NR,11.07.2026 11:55:49
13.07.2026 11:17:15,Prices,1631.930000,,onvista,31008,STOXX Europe 600 EUR NR,13.07.2026 11:32:17
14.07.2026 09:55:30,Prices,1621.840000,,onvista,31008,STOXX Europe 600 EUR NR,14.07.2026 10:10:34
14.07.2026 17:50:00,Prices,1636.130000,,onvista,31008,STOXX Europe 600 EUR NR,15.07.2026 07:16:11
15.07.2026 09:09:00,Prices,1633.400000,Low,onvista,31008,STOXX Europe 600 EUR NR,15.07.2026 09:24:07
15.07.2026 17:30:00,Prices,1638.060000,High,onvista,31008,STOXX Europe 600 EUR NR,15.07.2026 17:56:41
15.07.2026 17:50:00,Prices,1637.720000,Last,onvista,31008,STOXX Europe 600 EUR NR,15.07.2026 22:03:33
16.07.2026 14:36:00,Prices,1625.780000,Low,onvista,31008,STOXX Europe 600 EUR NR,16.07.2026 14:51:15
16.07.2026 16:58:30,Prices,1635.110000,"Last, High",onvista,31008,STOXX Europe 600 EUR NR,16.07.2026 17:13:30
16.07.2026 17:50:00,Prices,1640.330000,,onvista,31008,STOXX Europe 600 EUR NR,16.07.2026 18:41:32
17.07.2026 11:06:00,Prices,1627.790000,Low,onvista,31008,STOXX Europe 600 EUR NR,17.07.2026 11:21:13
17.07.2026 17:23:45,Prices,1632.040000,"Last, High",onvista,31008,STOXX Europe 600 EUR NR,17.07.2026 17:38:52
17.07.2026 17:50:00,Prices,1634.730000,,onvista,31008,STOXX Europe 600 EUR NR,17.07.2026 19:30:47
20.07.2026 12:57:45,Prices,1634.240000,High,onvista,31008,STOXX Europe 600 EUR NR,20.07.2026 13:12:52
20.07.2026 17:07:30,Prices,1629.350000,"Last, Low",onvista,31008,STOXX Europe 600 EUR NR,20.07.2026 17:22:42
20.07.2026 17:50:00,Prices,1630.030000,,onvista,31008,STOXX Europe 600 EUR NR,20.07.2026 20:19:04
21.07.2026 09:12:00,Prices,1631.260000,Low,onvista,31008,STOXX Europe 600 EUR NR,21.07.2026 09:27:12
21.07.2026 17:50:00,Prices,1639.180000,"Last, High",onvista,31008,STOXX Europe 600 EUR NR,21.07.2026 18:41:08
22.07.2026 13:48:15,Prices,1647.220000,Low,onvista,31008,STOXX Europe 600 EUR NR,22.07.2026 14:03:24
22.07.2026 16:06:30,Prices,1652.900000,High,onvista,31008,STOXX Europe 600 EUR NR,22.07.2026 16:21:32
22.07.2026 17:50:00,Prices,1648.750000,Last,onvista,31008,STOXX Europe 600 EUR NR,22.07.2026 18:44:26
14.07.2026 22:00:01,Prices,247.490000,,Yahoo Finance,10152,Amazon,15.07.2026 08:24:34
15.07.2026 15:48:17,Prices,251.220000,Low,Yahoo Finance,10152,Amazon,15.07.2026 15:48:20
15.07.2026 17:56:30,Prices,255.095000,High,Yahoo Finance,10152,Amazon,15.07.2026 17:56:34
15.07.2026 22:00:01,Prices,254.960000,Last,Yahoo Finance,10152,Amazon,15.07.2026 22:03:26
16.07.2026 17:13:21,Prices,255.745000,High,Yahoo Finance,10152,Amazon,16.07.2026 17:13:25
16.07.2026 22:00:01,Prices,249.890000,"Last, Low",Yahoo Finance,10152,Amazon,16.07.2026 22:18:16
17.07.2026 19:30:33,Prices,248.550000,High,Yahoo Finance,10152,Amazon,17.07.2026 19:30:42
17.07.2026 21:31:57,Prices,247.095000,Low,Yahoo Finance,10152,Amazon,17.07.2026 21:32:06
17.07.2026 22:00:01,Prices,247.230000,Last,Yahoo Finance,10152,Amazon,17.07.2026 23:07:27
20.07.2026 17:22:34,Prices,250.810000,High,Yahoo Finance,10152,Amazon,20.07.2026 17:22:38
20.07.2026 22:00:01,Prices,249.990000,"Last, Low",Yahoo Finance,10152,Amazon,20.07.2026 22:40:30
21.07.2026 16:20:40,Prices,247.380000,Low,Yahoo Finance,10152,Amazon,21.07.2026 16:20:47
21.07.2026 22:00:01,Prices,247.550000,"Last, High",Yahoo Finance,10152,Amazon,21.07.2026 22:36:09
22.07.2026 16:21:23,Prices,244.750000,High,Yahoo Finance,10152,Amazon,22.07.2026 16:21:28
22.07.2026 20:21:24,Prices,242.800000,"Last, Low",Yahoo Finance,10152,Amazon,22.07.2026 20:21:28
14.07.2026 16:46:54,Prices,363.900000,,Yahoo Finance,10192176,iShares MSCI EMU Small Cap ETF (CSEMUS),15.07.2026 09:23:59
15.07.2026 09:43:09,Prices,362.200000,Low,Yahoo Finance,10192176,iShares MSCI EMU Small Cap ETF (CSEMUS),15.07.2026 10:16:45
15.07.2026 17:35:21,Prices,364.450000,"Last, High",Yahoo Finance,10192176,iShares MSCI EMU Small Cap ETF (CSEMUS),15.07.2026 17:56:34
16.07.2026 10:07:59,Prices,363.000000,High,Yahoo Finance,10192176,iShares MSCI EMU Small Cap ETF (CSEMUS),16.07.2026 10:36:32
16.07.2026 14:16:57,Prices,362.500000,"Last, Low",Yahoo Finance,10192176,iShares MSCI EMU Small Cap ETF (CSEMUS),16.07.2026 14:51:08
17.07.2026 11:37:24,Prices,361.100000,Low,Yahoo Finance,10192176,iShares MSCI EMU Small Cap ETF (CSEMUS),17.07.2026 13:40:08
17.07.2026 17:35:17,Prices,362.450000,"Last, High",Yahoo Finance,10192176,iShares MSCI EMU Small Cap ETF (CSEMUS),17.07.2026 19:30:42
20.07.2026 13:30:15,Prices,364.300000,High,Yahoo Finance,10192176,iShares MSCI EMU Small Cap ETF (CSEMUS),20.07.2026 15:17:04
20.07.2026 17:26:29,Prices,362.000000,"Last, Low",Yahoo Finance,10192176,iShares MSCI EMU Small Cap ETF (CSEMUS),20.07.2026 20:18:58
21.07.2026 11:19:37,Prices,362.250000,High,Yahoo Finance,10192176,iShares MSCI EMU Small Cap ETF (CSEMUS),21.07.2026 11:39:07
21.07.2026 15:40:21,Prices,361.300000,"Last, Low",Yahoo Finance,10192176,iShares MSCI EMU Small Cap ETF (CSEMUS),21.07.2026 16:20:47
22.07.2026 10:30:42,Prices,365.350000,Low,Yahoo Finance,10192176,iShares MSCI EMU Small Cap ETF (CSEMUS),22.07.2026 11:38:22
22.07.2026 14:56:55,Prices,366.400000,"Last, High",Yahoo Finance,10192176,iShares MSCI EMU Small Cap ETF (CSEMUS),22.07.2026 16:21:28
15.07.2026 09:43:11,Prices,128.540000,Low,Yahoo Finance,10602719,UBS Gold ETF (AUUSI),15.07.2026 10:16:45
15.07.2026 15:06:38,Prices,130.080000,High,Yahoo Finance,10602719,UBS Gold ETF (AUUSI),15.07.2026 15:48:20
15.07.2026 17:36:35,Prices,129.340000,Last,Yahoo Finance,10602719,UBS Gold ETF (AUUSI),15.07.2026 17:56:34
16.07.2026 12:36:33,Prices,128.920000,High,Yahoo Finance,10602719,UBS Gold ETF (AUUSI),16.07.2026 13:11:42
16.07.2026 16:51:43,Prices,127.740000,Low,Yahoo Finance,10602719,UBS Gold ETF (AUUSI),16.07.2026 17:13:25
16.07.2026 17:35:24,Prices,128.360000,Last,Yahoo Finance,10602719,UBS Gold ETF (AUUSI),16.07.2026 18:41:26
17.07.2026 15:37:58,Prices,127.260000,Low,Yahoo Finance,10602719,UBS Gold ETF (AUUSI),17.07.2026 16:02:23
17.07.2026 17:36:28,Prices,128.280000,"Last, High",Yahoo Finance,10602719,UBS Gold ETF (AUUSI),17.07.2026 19:30:42
20.07.2026 09:13:00,Prices,127.860000,Low,Yahoo Finance,10602719,UBS Gold ETF (AUUSI),20.07.2026 09:28:18
20.07.2026 11:44:10,Prices,128.440000,High,Yahoo Finance,10602719,UBS Gold ETF (AUUSI),20.07.2026 13:12:48
20.07.2026 17:36:47,Prices,128.260000,Last,Yahoo Finance,10602719,UBS Gold ETF (AUUSI),20.07.2026 20:18:58
21.07.2026 15:48:14,Prices,129.220000,Low,Yahoo Finance,10602719,UBS Gold ETF (AUUSI),21.07.2026 16:20:47
21.07.2026 17:36:49,Prices,130.460000,"Last, High",Yahoo Finance,10602719,UBS Gold ETF (AUUSI),21.07.2026 18:41:03
22.07.2026 13:40:54,Prices,131.560000,Low,Yahoo Finance,10602719,UBS Gold ETF (AUUSI),22.07.2026 14:03:20
22.07.2026 16:04:06,Prices,133.000000,High,Yahoo Finance,10602719,UBS Gold ETF (AUUSI),22.07.2026 16:21:28
22.07.2026 17:36:55,Prices,132.900000,Last,Yahoo Finance,10602719,UBS Gold ETF (AUUSI),22.07.2026 18:44:22
15.07.2026 09:08:33,Prices,81.430000,High,Yahoo Finance,10608419,iShares Core MSCI Japan IMI UCITS ETF (SJPA/IJPA),15.07.2026 09:23:59
15.07.2026 17:35:00,Prices,80.520000,Low,Yahoo Finance,10608419,iShares Core MSCI Japan IMI UCITS ETF (SJPA/IJPA),15.07.2026 17:56:34
15.07.2026 19:16:35,Prices,80.520000,Last,Yahoo Finance,10608419,iShares Core MSCI Japan IMI UCITS ETF (SJPA/IJPA),15.07.2026 22:03:26
16.07.2026 14:26:30,Prices,79.360000,Low,Yahoo Finance,10608419,iShares Core MSCI Japan IMI UCITS ETF (SJPA/IJPA),16.07.2026 14:51:08
16.07.2026 17:37:45,Prices,79.900000,"Last, High",Yahoo Finance,10608419,iShares Core MSCI Japan IMI UCITS ETF (SJPA/IJPA),16.07.2026 18:41:26
17.07.2026 11:04:07,Prices,77.230000,Low,Yahoo Finance,10608419,iShares Core MSCI Japan IMI UCITS ETF (SJPA/IJPA),17.07.2026 11:21:09
17.07.2026 17:42:20,Prices,77.990000,"Last, High",Yahoo Finance,10608419,iShares Core MSCI Japan IMI UCITS ETF (SJPA/IJPA),17.07.2026 19:30:42
20.07.2026 09:08:48,Prices,78.000000,Low,Yahoo Finance,10608419,iShares Core MSCI Japan IMI UCITS ETF (SJPA/IJPA),20.07.2026 09:28:18
20.07.2026 17:35:35,Prices,78.530000,"Last, High",Yahoo Finance,10608419,iShares Core MSCI Japan IMI UCITS ETF (SJPA/IJPA),20.07.2026 20:18:58
21.07.2026 13:22:45,Prices,79.260000,Low,Yahoo Finance,10608419,iShares Core MSCI Japan IMI UCITS ETF (SJPA/IJPA),21.07.2026 13:59:31
21.07.2026 17:35:14,Prices,80.100000,"Last, High",Yahoo Finance,10608419,iShares Core MSCI Japan IMI UCITS ETF (SJPA/IJPA),21.07.2026 18:41:03
22.07.2026 13:47:23,Prices,79.360000,Low,Yahoo Finance,10608419,iShares Core MSCI Japan IMI UCITS ETF (SJPA/IJPA),22.07.2026 14:03:20
22.07.2026 17:38:56,Prices,79.470000,High,Yahoo Finance,10608419,iShares Core MSCI Japan IMI UCITS ETF (SJPA/IJPA),22.07.2026 18:44:22
22.07.2026 18:54:55,Prices,79.470000,Last,Yahoo Finance,10608419,iShares Core MSCI Japan IMI UCITS ETF (SJPA/IJPA),22.07.2026 20:21:28
21.07.2026 11:16:54,Prices,243.020000,High,Yahoo Finance,10737120,iShares Core MSCI Pacific ex Japan,21.07.2026 11:39:07
21.07.2026 16:05:22,Prices,242.030000,Low,Yahoo Finance,10737120,iShares Core MSCI Pacific ex Japan,21.07.2026 16:20:47
21.07.2026 17:35:29,Prices,242.530000,Last,Yahoo Finance,10737120,iShares Core MSCI Pacific ex Japan,21.07.2026 18:41:03
22.07.2026 13:39:45,Prices,243.990000,Low,Yahoo Finance,10737120,iShares Core MSCI Pacific ex Japan,22.07.2026 14:03:20
22.07.2026 15:59:51,Prices,245.030000,High,Yahoo Finance,10737120,iShares Core MSCI Pacific ex Japan,22.07.2026 16:21:28
22.07.2026 17:35:17,Prices,244.800000,Last,Yahoo Finance,10737120,iShares Core MSCI Pacific ex Japan,22.07.2026 18:44:22
16.07.2026 17:35:26,Prices,244.060000,"Last, Low, High",Yahoo Finance,10737587,iShares Core MSCI EMU UCITS ETF,16.07.2026 22:44:21
17.07.2026 15:38:33,Prices,240.600000,Low,Yahoo Finance,10737587,iShares Core MSCI EMU UCITS ETF,17.07.2026 16:02:23
17.07.2026 17:35:29,Prices,242.110000,"Last, High",Yahoo Finance,10737587,iShares Core MSCI EMU UCITS ETF,17.07.2026 19:30:42
20.07.2026 14:52:46,Prices,242.810000,High,Yahoo Finance,10737587,iShares Core MSCI EMU UCITS ETF,20.07.2026 15:17:04
20.07.2026 16:59:50,Prices,242.040000,Low,Yahoo Finance,10737587,iShares Core MSCI EMU UCITS ETF,20.07.2026 17:22:38
20.07.2026 17:35:05,Prices,242.150000,Last,Yahoo Finance,10737587,iShares Core MSCI EMU UCITS ETF,20.07.2026 20:18:58
21.07.2026 16:04:24,Prices,242.970000,Low,Yahoo Finance,10737587,iShares Core MSCI EMU UCITS ETF,21.07.2026 16:20:47
21.07.2026 17:35:26,Prices,244.380000,"Last, High",Yahoo Finance,10737587,iShares Core MSCI EMU UCITS ETF,21.07.2026 18:41:03
22.07.2026 13:43:18,Prices,244.750000,Low,Yahoo Finance,10737587,iShares Core MSCI EMU UCITS ETF,22.07.2026 14:03:20
22.07.2026 16:03:31,Prices,246.030000,High,Yahoo Finance,10737587,iShares Core MSCI EMU UCITS ETF,22.07.2026 16:21:28
22.07.2026 17:35:02,Prices,245.930000,Last,Yahoo Finance,10737587,iShares Core MSCI EMU UCITS ETF,22.07.2026 18:44:22
14.07.2026 17:36:30,Prices,321.500000,,Yahoo Finance,11176253,UBS ETF (CH) SMIM (SMMCHA),15.07.2026 07:52:19
15.07.2026 09:06:17,Prices,320.350000,Low,Yahoo Finance,11176253,UBS ETF (CH) SMIM (SMMCHA),15.07.2026 09:23:59
15.07.2026 17:36:35,Prices,321.600000,"Last, High",Yahoo Finance,11176253,UBS ETF (CH) SMIM (SMMCHA),15.07.2026 17:56:34
16.07.2026 10:09:21,Prices,319.850000,Low,Yahoo Finance,11176253,UBS ETF (CH) SMIM (SMMCHA),16.07.2026 10:36:32
16.07.2026 17:35:24,Prices,321.900000,"Last, High",Yahoo Finance,11176253,UBS ETF (CH) SMIM (SMMCHA),16.07.2026 18:41:26
17.07.2026 10:36:47,Prices,320.400000,Low,Yahoo Finance,11176253,UBS ETF (CH) SMIM (SMMCHA),17.07.2026 11:21:09
17.07.2026 17:36:28,Prices,323.150000,"Last, High",Yahoo Finance,11176253,UBS ETF (CH) SMIM (SMMCHA),17.07.2026 19:30:42
20.07.2026 14:34:55,Prices,322.650000,High,Yahoo Finance,11176253,UBS ETF (CH) SMIM (SMMCHA),20.07.2026 15:17:04
20.07.2026 16:51:59,Prices,320.850000,Low,Yahoo Finance,11176253,UBS ETF (CH) SMIM (SMMCHA),20.07.2026 17:22:38
20.07.2026 17:36:47,Prices,321.400000,Last,Yahoo Finance,11176253,UBS ETF (CH) SMIM (SMMCHA),20.07.2026 20:18:58
21.07.2026 09:12:02,Prices,319.100000,Low,Yahoo Finance,11176253,UBS ETF (CH) SMIM (SMMCHA),21.07.2026 09:27:08
21.07.2026 17:36:49,Prices,322.250000,"Last, High",Yahoo Finance,11176253,UBS ETF (CH) SMIM (SMMCHA),21.07.2026 18:41:03
22.07.2026 16:00:02,Prices,321.050000,High,Yahoo Finance,11176253,UBS ETF (CH) SMIM (SMMCHA),22.07.2026 16:21:28
22.07.2026 17:36:55,Prices,319.250000,"Last, Low",Yahoo Finance,11176253,UBS ETF (CH) SMIM (SMMCHA),22.07.2026 18:44:22
15.07.2026 17:31:23,Prices,97.000000,"Last, Low, High",Yahoo Finance,11195919,SWC (CH) REF Rsp Swiss Commercial FA CHF,15.07.2026 22:03:26
16.07.2026 09:46:05,Prices,97.000000,High,Yahoo Finance,11195919,SWC (CH) REF Rsp Swiss Commercial FA CHF,16.07.2026 10:36:32
16.07.2026 17:31:59,Prices,96.400000,"Last, Low",Yahoo Finance,11195919,SWC (CH) REF Rsp Swiss Commercial FA CHF,16.07.2026 18:41:26
17.07.2026 11:48:00,Prices,96.900000,Low,Yahoo Finance,11195919,SWC (CH) REF Rsp Swiss Commercial FA CHF,17.07.2026 13:40:08
17.07.2026 17:31:48,Prices,97.200000,"Last, High",Yahoo Finance,11195919,SWC (CH) REF Rsp Swiss Commercial FA CHF,17.07.2026 19:30:42
20.07.2026 11:20:56,Prices,96.600000,Low,Yahoo Finance,11195919,SWC (CH) REF Rsp Swiss Commercial FA CHF,20.07.2026 13:12:48
20.07.2026 17:31:25,Prices,97.500000,"Last, High",Yahoo Finance,11195919,SWC (CH) REF Rsp Swiss Commercial FA CHF,20.07.2026 20:18:58
21.07.2026 13:41:28,Prices,97.100000,Low,Yahoo Finance,11195919,SWC (CH) REF Rsp Swiss Commercial FA CHF,21.07.2026 13:59:31
21.07.2026 17:30:31,Prices,97.500000,"Last, High",Yahoo Finance,11195919,SWC (CH) REF Rsp Swiss Commercial FA CHF,21.07.2026 18:41:03
22.07.2026 16:05:27,Prices,97.500000,High,Yahoo Finance,11195919,SWC (CH) REF Rsp Swiss Commercial FA CHF,22.07.2026 16:21:28
22.07.2026 17:31:44,Prices,97.300000,"Last, Low",Yahoo Finance,11195919,SWC (CH) REF Rsp Swiss Commercial FA CHF,22.07.2026 18:44:22
10.07.2026 23:28:30,Prices,16949.550000,,Yahoo Finance,12007,S&P 500 Total Return,11.07.2026 12:10:34
11.07.2026 23:00:00,Prices,16949.550000,,Yahoo Finance,12007,S&P 500 Total Return,11.07.2026 11:55:48
13.07.2026 23:19:12,Prices,16815.210000,,Yahoo Finance,12007,S&P 500 Total Return,14.07.2026 10:10:33
14.07.2026 22:56:36,Prices,16878.410000,,Yahoo Finance,12007,S&P 500 Total Return,15.07.2026 12:25:24
15.07.2026 17:56:27,Prices,16893.430000,Low,Yahoo Finance,12007,S&P 500 Total Return,15.07.2026 17:56:34
15.07.2026 22:03:17,Prices,16944.150000,High,Yahoo Finance,12007,S&P 500 Total Return,15.07.2026 22:03:26
15.07.2026 23:18:46,Prices,16944.070000,Last,Yahoo Finance,12007,S&P 500 Total Return,15.07.2026 23:52:24
16.07.2026 17:13:17,Prices,16913.680000,High,Yahoo Finance,12007,S&P 500 Total Return,16.07.2026 17:13:25
16.07.2026 22:18:07,Prices,16857.630000,Low,Yahoo Finance,12007,S&P 500 Total Return,16.07.2026 22:18:16
16.07.2026 22:20:01,Prices,16857.630000,Last,Yahoo Finance,12007,S&P 500 Total Return,16.07.2026 22:44:21
16.07.2026 23:33:58,Prices,16857.630000,,Yahoo Finance,12007,S&P 500 Total Return,17.07.2026 00:16:14
17.07.2026 19:30:32,Prices,16771.470000,High,Yahoo Finance,12007,S&P 500 Total Return,17.07.2026 19:30:42
17.07.2026 21:31:57,Prices,16687.290000,Low,Yahoo Finance,12007,S&P 500 Total Return,17.07.2026 21:32:06
17.07.2026 22:43:29,Prices,16687.560000,Last,Yahoo Finance,12007,S&P 500 Total Return,17.07.2026 23:07:27
20.07.2026 17:22:32,Prices,16740.830000,High,Yahoo Finance,12007,S&P 500 Total Return,20.07.2026 17:22:38
20.07.2026 22:20:02,Prices,16655.910000,"Last, Low",Yahoo Finance,12007,S&P 500 Total Return,20.07.2026 22:40:30
20.07.2026 23:08:18,Prices,16655.910000,,Yahoo Finance,12007,S&P 500 Total Return,21.07.2026 00:12:37
21.07.2026 16:20:37,Prices,16749.750000,Low,Yahoo Finance,12007,S&P 500 Total Return,21.07.2026 16:20:47
21.07.2026 18:40:52,Prices,16810.230000,High,Yahoo Finance,12007,S&P 500 Total Return,21.07.2026 18:41:03
21.07.2026 22:20:02,Prices,16803.510000,Last,Yahoo Finance,12007,S&P 500 Total Return,21.07.2026 22:36:09
21.07.2026 22:40:00,Prices,16803.510000,,Yahoo Finance,12007,S&P 500 Total Return,22.07.2026 00:12:49
22.07.2026 16:21:22,Prices,16802.090000,Low,Yahoo Finance,12007,S&P 500 Total Return,22.07.2026 16:21:28
22.07.2026 18:44:17,Prices,16833.880000,High,Yahoo Finance,12007,S&P 500 Total Return,22.07.2026 18:44:22
22.07.2026 20:21:22,Prices,16806.520000,Last,Yahoo Finance,12007,S&P 500 Total Return,22.07.2026 20:21:28
15.07.2026 15:33:15,Prices,577.600000,Low,Yahoo Finance,1384101,Lonza Group AG,15.07.2026 15:48:20
15.07.2026 17:31:23,Prices,581.400000,"Last, High",Yahoo Finance,1384101,Lonza Group AG,15.07.2026 17:56:34
16.07.2026 12:55:24,Prices,570.600000,Low,Yahoo Finance,1384101,Lonza Group AG,16.07.2026 13:11:42
16.07.2026 17:31:59,Prices,575.200000,"Last, High",Yahoo Finance,1384101,Lonza Group AG,16.07.2026 18:41:26
17.07.2026 11:05:46,Prices,573.600000,High,Yahoo Finance,1384101,Lonza Group AG,17.07.2026 11:21:09
17.07.2026 17:19:51,Prices,566.800000,Low,Yahoo Finance,1384101,Lonza Group AG,17.07.2026 17:38:47
17.07.2026 17:31:48,Prices,567.800000,Last,Yahoo Finance,1384101,Lonza Group AG,17.07.2026 19:30:42
20.07.2026 12:56:48,Prices,568.000000,High,Yahoo Finance,1384101,Lonza Group AG,20.07.2026 13:12:48
20.07.2026 17:31:25,Prices,565.000000,"Last, Low",Yahoo Finance,1384101,Lonza Group AG,20.07.2026 20:18:58
21.07.2026 09:12:05,Prices,555.000000,Low,Yahoo Finance,1384101,Lonza Group AG,21.07.2026 09:27:08
21.07.2026 17:30:31,Prices,564.000000,"Last, High",Yahoo Finance,1384101,Lonza Group AG,21.07.2026 18:41:03
22.07.2026 16:06:15,Prices,544.600000,High,Yahoo Finance,1384101,Lonza Group AG,22.07.2026 16:21:28
22.07.2026 17:31:44,Prices,536.400000,"Last, Low",Yahoo Finance,1384101,Lonza Group AG,22.07.2026 18:44:22
15.07.2026 14:26:17,Prices,27.570000,,Yahoo Finance,14969376,SPDR S&P Euro Dividend Aristocrats ETF,16.07.2026 08:20:26
16.07.2026 14:43:18,Prices,27.480000,Low,Yahoo Finance,14969376,SPDR S&P Euro Dividend Aristocrats ETF,16.07.2026 17:13:25
16.07.2026 17:35:24,Prices,27.650000,"Last, High",Yahoo Finance,14969376,SPDR S&P Euro Dividend Aristocrats ETF,16.07.2026 18:41:26
17.07.2026 09:14:50,Prices,27.750000,Low,Yahoo Finance,14969376,SPDR S&P Euro Dividend Aristocrats ETF,17.07.2026 11:21:09
17.07.2026 14:17:15,Prices,27.780000,"Last, High",Yahoo Finance,14969376,SPDR S&P Euro Dividend Aristocrats ETF,17.07.2026 16:02:23
20.07.2026 13:30:15,Prices,27.820000,High,Yahoo Finance,14969376,SPDR S&P Euro Dividend Aristocrats ETF,20.07.2026 15:17:04
20.07.2026 17:36:47,Prices,27.740000,"Last, Low",Yahoo Finance,14969376,SPDR S&P Euro Dividend Aristocrats ETF,20.07.2026 20:18:58
21.07.2026 10:02:21,Prices,27.580000,High,Yahoo Finance,14969376,SPDR S&P Euro Dividend Aristocrats ETF,21.07.2026 11:39:07
21.07.2026 14:50:18,Prices,27.515000,"Last, Low",Yahoo Finance,14969376,SPDR S&P Euro Dividend Aristocrats ETF,21.07.2026 16:20:47
22.07.2026 09:30:15,Prices,27.700000,Low,Yahoo Finance,14969376,SPDR S&P Euro Dividend Aristocrats ETF,22.07.2026 11:38:22
22.07.2026 14:28:27,Prices,28.005000,High,Yahoo Finance,14969376,SPDR S&P Euro Dividend Aristocrats ETF,22.07.2026 16:21:28
22.07.2026 17:36:55,Prices,27.965000,Last,Yahoo Finance,14969376,SPDR S&P Euro Dividend Aristocrats ETF,22.07.2026 18:44:22
14.07.2026 22:00:01,Prices,136.080000,,Yahoo Finance,156888148,SpaceX,15.07.2026 08:24:34
15.07.2026 15:48:17,Prices,137.900000,High,Yahoo Finance,156888148,SpaceX,15.07.2026 15:48:20
15.07.2026 22:00:00,Prices,135.270000,"Last, Low",Yahoo Finance,156888148,SpaceX,15.07.2026 22:03:26
16.07.2026 17:13:21,Prices,134.190000,High,Yahoo Finance,156888148,SpaceX,16.07.2026 17:13:25
16.07.2026 22:00:00,Prices,131.110000,"Last, Low",Yahoo Finance,156888148,SpaceX,16.07.2026 22:18:16
17.07.2026 16:02:15,Prices,126.655000,High,Yahoo Finance,156888148,SpaceX,17.07.2026 16:02:23
17.07.2026 21:31:58,Prices,123.850000,Low,Yahoo Finance,156888148,SpaceX,17.07.2026 21:32:06
17.07.2026 22:00:01,Prices,123.990000,Last,Yahoo Finance,156888148,SpaceX,17.07.2026 23:07:27
20.07.2026 20:18:53,Prices,123.225000,High,Yahoo Finance,156888148,SpaceX,20.07.2026 20:18:58
20.07.2026 22:00:00,Prices,119.850000,"Last, Low",Yahoo Finance,156888148,SpaceX,20.07.2026 22:40:30
21.07.2026 18:40:55,Prices,127.955000,High,Yahoo Finance,156888148,SpaceX,21.07.2026 18:41:03
21.07.2026 22:00:00,Prices,123.540000,"Last, Low",Yahoo Finance,156888148,SpaceX,21.07.2026 22:36:09
22.07.2026 16:21:22,Prices,122.580000,High,Yahoo Finance,156888148,SpaceX,22.07.2026 16:21:28
22.07.2026 20:21:25,Prices,118.420000,"Last, Low",Yahoo Finance,156888148,SpaceX,22.07.2026 20:21:28
10.07.2026 19:40:36,Prices,145.920000,,Yahoo Finance,18575508,Vanguard S&P 500 UCITS ETF (VUAA),11.07.2026 12:10:36
13.07.2026 11:17:16,Prices,145.840000,,Yahoo Finance,18575508,Vanguard S&P 500 UCITS ETF (VUAA),13.07.2026 11:32:18
14.07.2026 09:55:26,Prices,145.120000,,Yahoo Finance,18575508,Vanguard S&P 500 UCITS ETF (VUAA),14.07.2026 10:10:35
14.07.2026 18:33:18,Prices,145.720000,,Yahoo Finance,18575508,Vanguard S&P 500 UCITS ETF (VUAA),15.07.2026 07:16:12
15.07.2026 14:24:21,Prices,145.800000,Low,Yahoo Finance,18575508,Vanguard S&P 500 UCITS ETF (VUAA),15.07.2026 14:39:53
15.07.2026 15:32:57,Prices,146.280000,High,Yahoo Finance,18575508,Vanguard S&P 500 UCITS ETF (VUAA),15.07.2026 15:48:20
15.07.2026 18:30:07,Prices,146.000000,Last,Yahoo Finance,18575508,Vanguard S&P 500 UCITS ETF (VUAA),15.07.2026 22:03:26
16.07.2026 14:34:35,Prices,145.720000,Low,Yahoo Finance,18575508,Vanguard S&P 500 UCITS ETF (VUAA),16.07.2026 14:51:08
16.07.2026 18:20:39,Prices,146.140000,High,Yahoo Finance,18575508,Vanguard S&P 500 UCITS ETF (VUAA),16.07.2026 18:41:26
16.07.2026 20:08:52,Prices,146.140000,Last,Yahoo Finance,18575508,Vanguard S&P 500 UCITS ETF (VUAA),16.07.2026 22:18:16
17.07.2026 15:47:00,Prices,143.720000,Low,Yahoo Finance,18575508,Vanguard S&P 500 UCITS ETF (VUAA),17.07.2026 16:02:23
17.07.2026 18:31:07,Prices,144.300000,High,Yahoo Finance,18575508,Vanguard S&P 500 UCITS ETF (VUAA),17.07.2026 19:30:42
17.07.2026 19:39:17,Prices,144.300000,Last,Yahoo Finance,18575508,Vanguard S&P 500 UCITS ETF (VUAA),17.07.2026 21:32:06
20.07.2026 09:13:07,Prices,144.040000,Low,Yahoo Finance,18575508,Vanguard S&P 500 UCITS ETF (VUAA),20.07.2026 09:28:18
20.07.2026 15:01:56,Prices,144.580000,High,Yahoo Finance,18575508,Vanguard S&P 500 UCITS ETF (VUAA),20.07.2026 15:17:04
20.07.2026 19:33:06,Prices,144.520000,Last,Yahoo Finance,18575508,Vanguard S&P 500 UCITS ETF (VUAA),20.07.2026 20:18:58
21.07.2026 13:43:11,Prices,144.440000,Low,Yahoo Finance,18575508,Vanguard S&P 500 UCITS ETF (VUAA),21.07.2026 13:59:31
21.07.2026 17:52:08,Prices,144.900000,High,Yahoo Finance,18575508,Vanguard S&P 500 UCITS ETF (VUAA),21.07.2026 18:41:03
21.07.2026 19:07:39,Prices,144.900000,Last,Yahoo Finance,18575508,Vanguard S&P 500 UCITS ETF (VUAA),21.07.2026 20:39:50
22.07.2026 13:47:39,Prices,144.520000,Low,Yahoo Finance,18575508,Vanguard S&P 500 UCITS ETF (VUAA),22.07.2026 14:03:20
22.07.2026 16:05:39,Prices,145.160000,High,Yahoo Finance,18575508,Vanguard S&P 500 UCITS ETF (VUAA),22.07.2026 16:21:28
22.07.2026 19:53:50,Prices,145.140000,Last,Yahoo Finance,18575508,Vanguard S&P 500 UCITS ETF (VUAA),22.07.2026 20:21:28
15.07.2026 10:16:46,Prices,64538.000000,Low,CoinGecko,18789194,BTC - Bitcoin,15.07.2026 10:16:46
15.07.2026 17:56:36,Prices,65371.000000,High,CoinGecko,18789194,BTC - Bitcoin,15.07.2026 17:56:36
15.07.2026 23:52:26,Prices,64767.000000,Last,CoinGecko,18789194,BTC - Bitcoin,15.07.2026 23:52:26
16.07.2026 00:52:51,Prices,64869.000000,High,CoinGecko,18789194,BTC - Bitcoin,16.07.2026 00:52:51
16.07.2026 14:51:10,Prices,63906.000000,Low,CoinGecko,18789194,BTC - Bitcoin,16.07.2026 14:51:10
16.07.2026 23:15:23,Prices,64133.720000,Last,Yahoo Finance,18789194,BTC - Bitcoin,16.07.2026 23:15:29
17.07.2026 08:27:05,Prices,62815.650000,Low,Yahoo Finance,18789194,BTC - Bitcoin,17.07.2026 08:27:11
17.07.2026 23:07:25,Prices,64128.910000,"Last, High",Yahoo Finance,18789194,BTC - Bitcoin,17.07.2026 23:07:27
18.07.2026 02:08:47,Prices,63868.800000,Low,Yahoo Finance,18789194,BTC - Bitcoin,18.07.2026 02:08:52
18.07.2026 23:05:48,Prices,64661.710000,"Last, High",Yahoo Finance,18789194,BTC - Bitcoin,18.07.2026 23:06:00
19.07.2026 02:09:19,Prices,64781.450000,High,Yahoo Finance,18789194,BTC - Bitcoin,19.07.2026 02:09:20
19.07.2026 14:06:23,Prices,64377.920000,Low,Yahoo Finance,18789194,BTC - Bitcoin,19.07.2026 14:06:29
19.07.2026 23:06:43,Prices,64470.000000,Last,Yahoo Finance,18789194,BTC - Bitcoin,19.07.2026 23:06:47
20.07.2026 09:28:14,Prices,64065.120000,Low,Yahoo Finance,18789194,BTC - Bitcoin,20.07.2026 09:28:18
20.07.2026 20:18:54,Prices,65616.010000,High,Yahoo Finance,18789194,BTC - Bitcoin,20.07.2026 20:18:58
20.07.2026 22:40:26,Prices,65312.760000,Last,Yahoo Finance,18789194,BTC - Bitcoin,20.07.2026 22:40:30
21.07.2026 01:14:16,Prices,65108.590000,Low,Yahoo Finance,18789194,BTC - Bitcoin,21.07.2026 01:14:21
21.07.2026 16:20:45,Prices,66823.490000,High,Yahoo Finance,18789194,BTC - Bitcoin,21.07.2026 16:20:47
21.07.2026 22:36:03,Prices,66413.520000,Last,Yahoo Finance,18789194,BTC - Bitcoin,21.07.2026 22:36:09
22.07.2026 02:06:14,Prices,66543.390000,High,Yahoo Finance,18789194,BTC - Bitcoin,22.07.2026 02:06:19
22.07.2026 16:21:26,Prices,65733.620000,Low,Yahoo Finance,18789194,BTC - Bitcoin,22.07.2026 16:21:28
22.07.2026 20:21:25,Prices,65975.130000,Last,Yahoo Finance,18789194,BTC - Bitcoin,22.07.2026 20:21:28
15.07.2026 17:31:23,Prices,195.600000,"Last, Low, High",Yahoo Finance,21048333,Richemont SA,15.07.2026 22:03:26
16.07.2026 14:35:03,Prices,195.250000,Low,Yahoo Finance,21048333,Richemont SA,16.07.2026 14:51:08
16.07.2026 17:31:59,Prices,197.400000,"Last, High",Yahoo Finance,21048333,Richemont SA,16.07.2026 18:41:26
17.07.2026 11:05:54,Prices,193.400000,Low,Yahoo Finance,21048333,Richemont SA,17.07.2026 11:21:09
17.07.2026 17:31:48,Prices,194.200000,"Last, High",Yahoo Finance,21048333,Richemont SA,17.07.2026 19:30:42
20.07.2026 09:12:59,Prices,194.200000,Low,Yahoo Finance,21048333,Richemont SA,20.07.2026 09:28:18
20.07.2026 17:31:25,Prices,196.750000,"Last, High",Yahoo Finance,21048333,Richemont SA,20.07.2026 20:18:58
21.07.2026 09:11:40,Prices,196.400000,Low,Yahoo Finance,21048333,Richemont SA,21.07.2026 09:27:08
21.07.2026 11:23:38,Prices,197.900000,High,Yahoo Finance,21048333,Richemont SA,21.07.2026 11:39:07
21.07.2026 17:30:31,Prices,197.600000,Last,Yahoo Finance,21048333,Richemont SA,21.07.2026 18:41:03
22.07.2026 11:23:16,Prices,196.800000,High,Yahoo Finance,21048333,Richemont SA,22.07.2026 11:38:22
22.07.2026 13:47:36,Prices,195.150000,Low,Yahoo Finance,21048333,Richemont SA,22.07.2026 14:03:20
22.07.2026 17:31:44,Prices,195.400000,Last,Yahoo Finance,21048333,Richemont SA,22.07.2026 18:44:22
15.07.2026 09:06:41,Prices,20.850000,Low,Yahoo Finance,21644750,Vonovia,15.07.2026 09:23:59
15.07.2026 17:36:44,Prices,21.150000,"Last, High",Yahoo Finance,21644750,Vonovia,15.07.2026 17:56:34
16.07.2026 10:21:13,Prices,21.160000,High,Yahoo Finance,21644750,Vonovia,16.07.2026 10:36:32
16.07.2026 14:35:35,Prices,20.830000,Low,Yahoo Finance,21644750,Vonovia,16.07.2026 14:51:08
16.07.2026 17:35:22,Prices,21.010000,Last,Yahoo Finance,21644750,Vonovia,16.07.2026 18:41:26
17.07.2026 13:24:32,Prices,20.970000,Low,Yahoo Finance,21644750,Vonovia,17.07.2026 13:40:08
17.07.2026 15:47:04,Prices,21.230000,High,Yahoo Finance,21644750,Vonovia,17.07.2026 16:02:23
17.07.2026 17:35:12,Prices,21.090000,Last,Yahoo Finance,21644750,Vonovia,17.07.2026 19:30:42
20.07.2026 12:57:12,Prices,20.820000,Low,Yahoo Finance,21644750,Vonovia,20.07.2026 13:12:48
20.07.2026 15:00:37,Prices,20.880000,High,Yahoo Finance,21644750,Vonovia,20.07.2026 15:17:04
20.07.2026 17:35:05,Prices,20.860000,Last,Yahoo Finance,21644750,Vonovia,20.07.2026 20:18:58
21.07.2026 09:11:10,Prices,20.800000,High,Yahoo Finance,21644750,Vonovia,21.07.2026 09:27:08
21.07.2026 16:04:07,Prices,20.700000,Low,Yahoo Finance,21644750,Vonovia,21.07.2026 16:20:47
21.07.2026 17:35:15,Prices,20.770000,Last,Yahoo Finance,21644750,Vonovia,21.07.2026 18:41:03
22.07.2026 13:48:14,Prices,21.110000,High,Yahoo Finance,21644750,Vonovia,22.07.2026 14:03:20
22.07.2026 17:35:27,Prices,20.840000,"Last, Low",Yahoo Finance,21644750,Vonovia,22.07.2026 18:44:22
15.07.2026 15:48:20,Prices,78.370000,High,CoinGecko,22000,SOL - Solana,15.07.2026 15:48:20
15.07.2026 22:03:27,Prices,77.140000,Low,CoinGecko,22000,SOL - Solana,15.07.2026 22:03:27
15.07.2026 23:52:25,Prices,77.300000,Last,CoinGecko,22000,SOL - Solana,15.07.2026 23:52:25
16.07.2026 00:52:50,Prices,77.500000,High,CoinGecko,22000,SOL - Solana,16.07.2026 00:52:50
16.07.2026 22:18:17,Prices,75.690000,Low,CoinGecko,22000,SOL - Solana,16.07.2026 22:18:17
16.07.2026 23:15:23,Prices,75.930000,Last,Yahoo Finance,22000,SOL - Solana,16.07.2026 23:15:29
17.07.2026 00:16:10,Prices,75.870000,High,Yahoo Finance,22000,SOL - Solana,17.07.2026 00:16:14
17.07.2026 16:02:20,Prices,74.360000,Low,Yahoo Finance,22000,SOL - Solana,17.07.2026 16:02:23
17.07.2026 23:07:21,Prices,75.140000,Last,Yahoo Finance,22000,SOL - Solana,17.07.2026 23:07:27
18.07.2026 15:47:49,Prices,74.660000,Low,Yahoo Finance,22000,SOL - Solana,18.07.2026 15:47:55
18.07.2026 23:05:42,Prices,75.460000,"Last, High",Yahoo Finance,22000,SOL - Solana,18.07.2026 23:06:00
19.07.2026 01:09:56,Prices,75.400000,Low,Yahoo Finance,22000,SOL - Solana,19.07.2026 01:10:02
19.07.2026 17:14:24,Prices,76.280000,High,Yahoo Finance,22000,SOL - Solana,19.07.2026 17:14:31
19.07.2026 23:06:43,Prices,76.100000,Last,Yahoo Finance,22000,SOL - Solana,19.07.2026 23:06:47
20.07.2026 00:08:17,Prices,75.750000,Low,Yahoo Finance,22000,SOL - Solana,20.07.2026 00:08:19
20.07.2026 20:18:55,Prices,78.090000,High,Yahoo Finance,22000,SOL - Solana,20.07.2026 20:18:58
20.07.2026 22:40:23,Prices,77.900000,Last,Yahoo Finance,22000,SOL - Solana,20.07.2026 22:40:30
21.07.2026 01:14:15,Prices,77.480000,Low,Yahoo Finance,22000,SOL - Solana,21.07.2026 01:14:21
21.07.2026 08:40:57,Prices,78.710000,High,Yahoo Finance,22000,SOL - Solana,21.07.2026 08:41:02
21.07.2026 22:36:03,Prices,77.980000,Last,Yahoo Finance,22000,SOL - Solana,21.07.2026 22:36:09
22.07.2026 08:41:49,Prices,77.220000,Low,Yahoo Finance,22000,SOL - Solana,22.07.2026 08:42:08
22.07.2026 18:44:18,Prices,78.600000,High,Yahoo Finance,22000,SOL - Solana,22.07.2026 18:44:22
22.07.2026 20:21:18,Prices,78.070000,Last,Yahoo Finance,22000,SOL - Solana,22.07.2026 20:21:28
14.07.2026 17:31:48,Prices,37317.650000,,Yahoo Finance,222130,SMI Total Return,15.07.2026 07:16:12
15.07.2026 09:08:55,Prices,37214.060000,Low,Yahoo Finance,222130,SMI Total Return,15.07.2026 09:23:59
15.07.2026 17:31:23,Prices,37489.380000,"Last, High",Yahoo Finance,222130,SMI Total Return,15.07.2026 17:56:34
16.07.2026 14:36:00,Prices,37063.510000,Low,Yahoo Finance,222130,SMI Total Return,16.07.2026 14:51:08
16.07.2026 17:31:59,Prices,37384.250000,"Last, High",Yahoo Finance,222130,SMI Total Return,16.07.2026 18:41:26
17.07.2026 11:06:07,Prices,37362.130000,Low,Yahoo Finance,222130,SMI Total Return,17.07.2026 11:21:09
17.07.2026 15:47:14,Prices,37591.130000,High,Yahoo Finance,222130,SMI Total Return,17.07.2026 16:02:23
17.07.2026 17:31:48,Prices,37584.740000,Last,Yahoo Finance,222130,SMI Total Return,17.07.2026 19:30:42
20.07.2026 12:57:42,Prices,37457.110000,High,Yahoo Finance,222130,SMI Total Return,20.07.2026 13:12:48
20.07.2026 17:07:35,Prices,37314.370000,Low,Yahoo Finance,222130,SMI Total Return,20.07.2026 17:22:38
20.07.2026 17:31:25,Prices,37350.630000,Last,Yahoo Finance,222130,SMI Total Return,20.07.2026 20:18:58
21.07.2026 09:12:05,Prices,37316.480000,Low,Yahoo Finance,222130,SMI Total Return,21.07.2026 09:27:08
21.07.2026 11:24:04,Prices,37466.530000,High,Yahoo Finance,222130,SMI Total Return,21.07.2026 11:39:07
21.07.2026 17:30:31,Prices,37465.670000,Last,Yahoo Finance,222130,SMI Total Return,21.07.2026 18:41:03
22.07.2026 16:06:22,Prices,37707.490000,High,Yahoo Finance,222130,SMI Total Return,22.07.2026 16:21:28
22.07.2026 17:31:44,Prices,37511.840000,"Last, Low",Yahoo Finance,222130,SMI Total Return,22.07.2026 18:44:22
10.07.2026 17:35:01,Prices,191.500000,,Yahoo Finance,23793563,iShares Swiss Dividend ETF (CHDVD),11.07.2026 12:10:36
13.07.2026 11:16:22,Prices,191.560000,,Yahoo Finance,23793563,iShares Swiss Dividend ETF (CHDVD),13.07.2026 11:32:17
14.07.2026 09:46:41,Prices,190.100000,,Yahoo Finance,23793563,iShares Swiss Dividend ETF (CHDVD),14.07.2026 10:10:34
14.07.2026 17:36:30,Prices,190.900000,,Yahoo Finance,23793563,iShares Swiss Dividend ETF (CHDVD),15.07.2026 07:16:11
15.07.2026 09:07:48,Prices,189.400000,Low,Yahoo Finance,23793563,iShares Swiss Dividend ETF (CHDVD),15.07.2026 09:23:59
15.07.2026 17:36:35,Prices,191.040000,"Last, High",Yahoo Finance,23793563,iShares Swiss Dividend ETF (CHDVD),15.07.2026 17:56:34
16.07.2026 14:29:18,Prices,189.920000,Low,Yahoo Finance,23793563,iShares Swiss Dividend ETF (CHDVD),16.07.2026 14:51:08
16.07.2026 17:35:24,Prices,192.100000,"Last, High",Yahoo Finance,23793563,iShares Swiss Dividend ETF (CHDVD),16.07.2026 18:41:26
17.07.2026 11:01:26,Prices,192.540000,Low,Yahoo Finance,23793563,iShares Swiss Dividend ETF (CHDVD),17.07.2026 11:21:09
17.07.2026 17:36:28,Prices,194.500000,"Last, High",Yahoo Finance,23793563,iShares Swiss Dividend ETF (CHDVD),17.07.2026 19:30:42
20.07.2026 12:55:46,Prices,192.840000,High,Yahoo Finance,23793563,iShares Swiss Dividend ETF (CHDVD),20.07.2026 13:12:48
20.07.2026 17:02:39,Prices,192.140000,Low,Yahoo Finance,23793563,iShares Swiss Dividend ETF (CHDVD),20.07.2026 17:22:38
20.07.2026 17:36:47,Prices,192.140000,Last,Yahoo Finance,23793563,iShares Swiss Dividend ETF (CHDVD),20.07.2026 20:18:58
21.07.2026 11:23:56,Prices,191.380000,High,Yahoo Finance,23793563,iShares Swiss Dividend ETF (CHDVD),21.07.2026 11:39:07
21.07.2026 16:02:46,Prices,190.660000,Low,Yahoo Finance,23793563,iShares Swiss Dividend ETF (CHDVD),21.07.2026 16:20:47
21.07.2026 17:36:49,Prices,191.060000,Last,Yahoo Finance,23793563,iShares Swiss Dividend ETF (CHDVD),21.07.2026 18:41:03
22.07.2026 16:02:01,Prices,192.920000,High,Yahoo Finance,23793563,iShares Swiss Dividend ETF (CHDVD),22.07.2026 16:21:28
22.07.2026 17:36:55,Prices,191.680000,"Last, Low",Yahoo Finance,23793563,iShares Swiss Dividend ETF (CHDVD),22.07.2026 18:44:22
14.07.2026 17:56:37,Prices,53.690000,,Yahoo Finance,24209517,iShares Core MSCI EM IMI UCITS ETF (EIMI),15.07.2026 07:52:19
15.07.2026 09:08:53,Prices,54.120000,High,Yahoo Finance,24209517,iShares Core MSCI EM IMI UCITS ETF (EIMI),15.07.2026 09:23:59
15.07.2026 17:35:05,Prices,53.530000,Low,Yahoo Finance,24209517,iShares Core MSCI EM IMI UCITS ETF (EIMI),15.07.2026 17:56:34
15.07.2026 19:36:42,Prices,53.530000,Last,Yahoo Finance,24209517,iShares Core MSCI EM IMI UCITS ETF (EIMI),15.07.2026 22:03:26
16.07.2026 12:56:11,Prices,52.970000,High,Yahoo Finance,24209517,iShares Core MSCI EM IMI UCITS ETF (EIMI),16.07.2026 13:11:42
16.07.2026 14:35:46,Prices,52.690000,Low,Yahoo Finance,24209517,iShares Core MSCI EM IMI UCITS ETF (EIMI),16.07.2026 14:51:08
16.07.2026 19:03:26,Prices,52.930000,Last,Yahoo Finance,24209517,iShares Core MSCI EM IMI UCITS ETF (EIMI),16.07.2026 20:19:20
17.07.2026 15:46:54,Prices,50.910000,Low,Yahoo Finance,24209517,iShares Core MSCI EM IMI UCITS ETF (EIMI),17.07.2026 16:02:23
17.07.2026 19:08:47,Prices,51.820000,"Last, High",Yahoo Finance,24209517,iShares Core MSCI EM IMI UCITS ETF (EIMI),17.07.2026 19:30:42
20.07.2026 09:13:07,Prices,51.730000,Low,Yahoo Finance,24209517,iShares Core MSCI EM IMI UCITS ETF (EIMI),20.07.2026 09:28:18
20.07.2026 12:56:03,Prices,52.250000,High,Yahoo Finance,24209517,iShares Core MSCI EM IMI UCITS ETF (EIMI),20.07.2026 13:12:48
20.07.2026 19:15:51,Prices,52.240000,Last,Yahoo Finance,24209517,iShares Core MSCI EM IMI UCITS ETF (EIMI),20.07.2026 20:18:58
21.07.2026 16:05:19,Prices,53.050000,Low,Yahoo Finance,24209517,iShares Core MSCI EM IMI UCITS ETF (EIMI),21.07.2026 16:20:47
21.07.2026 18:06:22,Prices,53.370000,High,Yahoo Finance,24209517,iShares Core MSCI EM IMI UCITS ETF (EIMI),21.07.2026 18:41:03
21.07.2026 18:44:23,Prices,53.370000,Last,Yahoo Finance,24209517,iShares Core MSCI EM IMI UCITS ETF (EIMI),21.07.2026 20:39:50
22.07.2026 13:47:54,Prices,52.700000,Low,Yahoo Finance,24209517,iShares Core MSCI EM IMI UCITS ETF (EIMI),22.07.2026 14:03:20
22.07.2026 17:38:56,Prices,53.220000,High,Yahoo Finance,24209517,iShares Core MSCI EM IMI UCITS ETF (EIMI),22.07.2026 18:44:22
22.07.2026 19:23:52,Prices,53.220000,Last,Yahoo Finance,24209517,iShares Core MSCI EM IMI UCITS ETF (EIMI),22.07.2026 20:21:28
15.07.2026 10:01:32,Prices,43.480000,Low,Yahoo Finance,24476758,UBS Group AG,15.07.2026 10:16:45
15.07.2026 17:31:23,Prices,44.280000,"Last, High",Yahoo Finance,24476758,UBS Group AG,15.07.2026 17:56:34
16.07.2026 12:56:01,Prices,43.740000,High,Yahoo Finance,24476758,UBS Group AG,16.07.2026 13:11:42
16.07.2026 17:31:59,Prices,43.360000,"Last, Low",Yahoo Finance,24476758,UBS Group AG,16.07.2026 18:41:26
17.07.2026 13:24:56,Prices,42.770000,High,Yahoo Finance,24476758,UBS Group AG,17.07.2026 13:40:08
17.07.2026 15:47:00,Prices,42.240000,Low,Yahoo Finance,24476758,UBS Group AG,17.07.2026 16:02:23
17.07.2026 17:31:48,Prices,42.540000,Last,Yahoo Finance,24476758,UBS Group AG,17.07.2026 19:30:42
20.07.2026 09:13:13,Prices,42.420000,High,Yahoo Finance,24476758,UBS Group AG,20.07.2026 09:28:18
20.07.2026 17:31:25,Prices,42.050000,"Last, Low",Yahoo Finance,24476758,UBS Group AG,20.07.2026 20:18:58
21.07.2026 13:43:34,Prices,42.230000,Low,Yahoo Finance,24476758,UBS Group AG,21.07.2026 13:59:31
21.07.2026 17:30:31,Prices,42.590000,"Last, High",Yahoo Finance,24476758,UBS Group AG,21.07.2026 18:41:03
22.07.2026 11:22:08,Prices,43.070000,High,Yahoo Finance,24476758,UBS Group AG,22.07.2026 11:38:22
22.07.2026 13:48:12,Prices,42.830000,Low,Yahoo Finance,24476758,UBS Group AG,22.07.2026 14:03:20
22.07.2026 17:31:44,Prices,42.890000,Last,Yahoo Finance,24476758,UBS Group AG,22.07.2026 18:44:22
15.07.2026 10:00:14,Prices,118.690000,Low,Yahoo Finance,24514626,Xtrackers S&P 500 Equal Weight UCITS ETF (XDEW),15.07.2026 10:16:45
15.07.2026 15:32:27,Prices,119.020000,High,Yahoo Finance,24514626,Xtrackers S&P 500 Equal Weight UCITS ETF (XDEW),15.07.2026 15:48:20
15.07.2026 17:54:19,Prices,118.860000,Last,Yahoo Finance,24514626,Xtrackers S&P 500 Equal Weight UCITS ETF (XDEW),15.07.2026 22:03:26
16.07.2026 12:51:35,Prices,118.440000,Low,Yahoo Finance,24514626,Xtrackers S&P 500 Equal Weight UCITS ETF (XDEW),16.07.2026 13:11:42
16.07.2026 18:16:49,Prices,119.680000,"Last, High",Yahoo Finance,24514626,Xtrackers S&P 500 Equal Weight UCITS ETF (XDEW),16.07.2026 18:41:26
17.07.2026 15:46:33,Prices,120.030000,High,Yahoo Finance,24514626,Xtrackers S&P 500 Equal Weight UCITS ETF (XDEW),17.07.2026 16:02:23
17.07.2026 19:09:18,Prices,119.290000,"Last, Low",Yahoo Finance,24514626,Xtrackers S&P 500 Equal Weight UCITS ETF (XDEW),17.07.2026 19:30:42
20.07.2026 12:55:01,Prices,119.040000,High,Yahoo Finance,24514626,Xtrackers S&P 500 Equal Weight UCITS ETF (XDEW),20.07.2026 13:12:48
20.07.2026 17:03:15,Prices,118.490000,Low,Yahoo Finance,24514626,Xtrackers S&P 500 Equal Weight UCITS ETF (XDEW),20.07.2026 17:22:38
20.07.2026 17:35:06,Prices,118.620000,Last,Yahoo Finance,24514626,Xtrackers S&P 500 Equal Weight UCITS ETF (XDEW),20.07.2026 20:18:58
21.07.2026 11:23:15,Prices,118.540000,High,Yahoo Finance,24514626,Xtrackers S&P 500 Equal Weight UCITS ETF (XDEW),21.07.2026 11:39:07
21.07.2026 13:39:33,Prices,118.270000,Low,Yahoo Finance,24514626,Xtrackers S&P 500 Equal Weight UCITS ETF (XDEW),21.07.2026 13:59:31
21.07.2026 17:39:51,Prices,118.420000,Last,Yahoo Finance,24514626,Xtrackers S&P 500 Equal Weight UCITS ETF (XDEW),21.07.2026 18:41:03
22.07.2026 13:03:08,Prices,118.480000,Low,Yahoo Finance,24514626,Xtrackers S&P 500 Equal Weight UCITS ETF (XDEW),22.07.2026 14:03:20
22.07.2026 15:59:13,Prices,118.900000,High,Yahoo Finance,24514626,Xtrackers S&P 500 Equal Weight UCITS ETF (XDEW),22.07.2026 16:21:28
22.07.2026 19:03:22,Prices,118.620000,Last,Yahoo Finance,24514626,Xtrackers S&P 500 Equal Weight UCITS ETF (XDEW),22.07.2026 20:21:28
15.07.2026 17:31:23,Prices,720.400000,"Last, Low, High",Yahoo Finance,2460882,Partners Group Holding AG,15.07.2026 22:03:26
16.07.2026 10:21:28,Prices,688.400000,High,Yahoo Finance,2460882,Partners Group Holding AG,16.07.2026 10:36:32
16.07.2026 17:31:59,Prices,677.200000,"Last, Low",Yahoo Finance,2460882,Partners Group Holding AG,16.07.2026 18:41:26
17.07.2026 13:24:22,Prices,694.800000,High,Yahoo Finance,2460882,Partners Group Holding AG,17.07.2026 13:40:08
17.07.2026 17:31:48,Prices,684.600000,"Last, Low",Yahoo Finance,2460882,Partners Group Holding AG,17.07.2026 19:30:42
20.07.2026 09:13:02,Prices,686.400000,High,Yahoo Finance,2460882,Partners Group Holding AG,20.07.2026 09:28:18
20.07.2026 17:06:52,Prices,676.400000,Low,Yahoo Finance,2460882,Partners Group Holding AG,20.07.2026 17:22:38
20.07.2026 17:31:25,Prices,676.800000,Last,Yahoo Finance,2460882,Partners Group Holding AG,20.07.2026 20:18:58
21.07.2026 13:43:59,Prices,672.200000,Low,Yahoo Finance,2460882,Partners Group Holding AG,21.07.2026 13:59:31
21.07.2026 17:30:31,Prices,677.400000,"Last, High",Yahoo Finance,2460882,Partners Group Holding AG,21.07.2026 18:41:03
22.07.2026 13:47:44,Prices,672.000000,Low,Yahoo Finance,2460882,Partners Group Holding AG,22.07.2026 14:03:20
22.07.2026 16:05:09,Prices,676.000000,High,Yahoo Finance,2460882,Partners Group Holding AG,22.07.2026 16:21:28
22.07.2026 17:31:44,Prices,672.200000,Last,Yahoo Finance,2460882,Partners Group Holding AG,22.07.2026 18:44:22
05.06.2026 11:00:00,Prices,0.788200,,frankfurter.app,275000,USD/CHF,05.06.2026 11:00:00
08.06.2026 11:00:00,Prices,0.796100,,frankfurter.app,275000,USD/CHF,08.06.2026 11:00:00
09.06.2026 11:00:00,Prices,0.795500,,frankfurter.app,275000,USD/CHF,09.06.2026 11:00:00
10.06.2026 11:00:00,Prices,0.799200,,frankfurter.app,275000,USD/CHF,10.06.2026 11:00:00
11.06.2026 11:00:00,Prices,0.799300,,frankfurter.app,275000,USD/CHF,11.06.2026 11:00:00
12.06.2026 11:00:00,Prices,0.796800,,frankfurter.app,275000,USD/CHF,12.06.2026 11:00:00
15.06.2026 11:00:00,Prices,0.793700,,frankfurter.app,275000,USD/CHF,15.06.2026 11:00:00
16.06.2026 11:00:00,Prices,0.795600,,frankfurter.app,275000,USD/CHF,16.06.2026 11:00:00
17.06.2026 11:00:00,Prices,0.793100,,frankfurter.app,275000,USD/CHF,17.06.2026 11:00:00
18.06.2026 11:00:00,Prices,0.804300,,frankfurter.app,275000,USD/CHF,18.06.2026 11:00:00
19.06.2026 11:00:00,Prices,0.806500,,frankfurter.app,275000,USD/CHF,19.06.2026 11:00:00
22.06.2026 11:00:00,Prices,0.808100,,frankfurter.app,275000,USD/CHF,22.06.2026 11:00:00
23.06.2026 11:00:00,Prices,0.809800,,frankfurter.app,275000,USD/CHF,23.06.2026 11:00:00
24.06.2026 11:00:00,Prices,0.812700,,frankfurter.app,275000,USD/CHF,24.06.2026 11:00:00
25.06.2026 11:00:00,Prices,0.813200,,frankfurter.app,275000,USD/CHF,25.06.2026 11:00:00
26.06.2026 11:00:00,Prices,0.808500,,frankfurter.app,275000,USD/CHF,26.06.2026 11:00:00
29.06.2026 11:00:00,Prices,0.808500,,frankfurter.app,275000,USD/CHF,29.06.2026 11:00:00
30.06.2026 11:00:00,Prices,0.809600,,frankfurter.app,275000,USD/CHF,30.06.2026 11:00:00
01.07.2026 11:00:00,Prices,0.811200,,frankfurter.app,275000,USD/CHF,01.07.2026 11:00:00
02.07.2026 11:00:00,Prices,0.807100,,frankfurter.app,275000,USD/CHF,02.07.2026 11:00:00
03.07.2026 11:00:00,Prices,0.802800,,frankfurter.app,275000,USD/CHF,03.07.2026 11:00:00
06.07.2026 11:00:00,Prices,0.806000,,frankfurter.app,275000,USD/CHF,06.07.2026 11:00:00
07.07.2026 11:00:00,Prices,0.806300,,frankfurter.app,275000,USD/CHF,07.07.2026 11:00:00
10.07.2026 16:00:00,Prices,0.806910,,frankfurter.app,275000,USD/CHF,11.07.2026 06:48:56
13.07.2026 16:00:00,Prices,0.809960,,frankfurter.app,275000,USD/CHF,14.07.2026 10:10:28
14.07.2026 16:00:00,Prices,0.811660,,frankfurter.app,275000,USD/CHF,15.07.2026 12:25:26
15.07.2026 14:39:52,Prices,0.810200,High,Yahoo Finance,275000,USD/CHF,15.07.2026 14:39:53
15.07.2026 23:52:20,Prices,0.804500,"Last, Low",Yahoo Finance,275000,USD/CHF,15.07.2026 23:52:24
16.07.2026 01:53:03,Prices,0.804500,Low,Yahoo Finance,275000,USD/CHF,16.07.2026 01:53:05
16.07.2026 18:41:20,Prices,0.809300,High,Yahoo Finance,275000,USD/CHF,16.07.2026 18:41:26
16.07.2026 23:15:24,Prices,0.807900,Last,Yahoo Finance,275000,USD/CHF,16.07.2026 23:15:29
17.07.2026 05:36:00,Prices,0.808900,High,Yahoo Finance,275000,USD/CHF,17.07.2026 05:36:03
17.07.2026 17:38:43,Prices,0.806500,Low,Yahoo Finance,275000,USD/CHF,17.07.2026 17:38:47
17.07.2026 22:59:45,Prices,0.806900,Last,Yahoo Finance,275000,USD/CHF,17.07.2026 23:07:27
19.07.2026 21:31:02,Prices,0.808100,High,Yahoo Finance,275000,USD/CHF,19.07.2026 21:31:47
19.07.2026 23:06:41,Prices,0.807400,"Last, Low",Yahoo Finance,275000,USD/CHF,19.07.2026 23:06:47
20.07.2026 09:28:14,Prices,0.807200,Low,Yahoo Finance,275000,USD/CHF,20.07.2026 09:28:18
20.07.2026 17:22:35,Prices,0.810300,High,Yahoo Finance,275000,USD/CHF,20.07.2026 17:22:38
20.07.2026 22:40:26,Prices,0.810300,Last,Yahoo Finance,275000,USD/CHF,20.07.2026 22:40:30
21.07.2026 09:27:05,Prices,0.809400,Low,Yahoo Finance,275000,USD/CHF,21.07.2026 09:27:08
21.07.2026 20:39:47,Prices,0.813000,High,Yahoo Finance,275000,USD/CHF,21.07.2026 20:39:50
21.07.2026 22:36:01,Prices,0.812700,Last,Yahoo Finance,275000,USD/CHF,21.07.2026 22:36:09
22.07.2026 11:38:20,Prices,0.811900,Low,Yahoo Finance,275000,USD/CHF,22.07.2026 11:38:22
22.07.2026 20:21:25,Prices,0.814600,"Last, High",Yahoo Finance,275000,USD/CHF,22.07.2026 20:21:28
14.07.2026 22:00:01,Prices,357.330000,,Yahoo Finance,29798540,Alphabet (Google Class C),15.07.2026 08:24:34
15.07.2026 15:48:16,Prices,362.195000,Low,Yahoo Finance,29798540,Alphabet (Google Class C),15.07.2026 15:48:20
15.07.2026 22:00:01,Prices,370.210000,"Last, High",Yahoo Finance,29798540,Alphabet (Google Class C),15.07.2026 22:03:26
16.07.2026 17:13:21,Prices,371.550000,High,Yahoo Finance,29798540,Alphabet (Google Class C),16.07.2026 17:13:25
16.07.2026 22:00:01,Prices,353.810000,"Last, Low",Yahoo Finance,29798540,Alphabet (Google Class C),16.07.2026 22:18:16
17.07.2026 17:38:40,Prices,346.760000,High,Yahoo Finance,29798540,Alphabet (Google Class C),17.07.2026 17:38:47
17.07.2026 21:31:57,Prices,344.665000,Low,Yahoo Finance,29798540,Alphabet (Google Class C),17.07.2026 21:32:06
17.07.2026 22:00:01,Prices,346.120000,Last,Yahoo Finance,29798540,Alphabet (Google Class C),17.07.2026 23:07:27
20.07.2026 17:22:35,Prices,356.170000,High,Yahoo Finance,29798540,Alphabet (Google Class C),20.07.2026 17:22:38
20.07.2026 22:00:00,Prices,351.370000,"Last, Low",Yahoo Finance,29798540,Alphabet (Google Class C),20.07.2026 22:40:30
21.07.2026 18:40:55,Prices,348.990000,High,Yahoo Finance,29798540,Alphabet (Google Class C),21.07.2026 18:41:03
21.07.2026 22:00:01,Prices,346.190000,"Last, Low",Yahoo Finance,29798540,Alphabet (Google Class C),21.07.2026 22:36:09
22.07.2026 16:21:22,Prices,347.640000,High,Yahoo Finance,29798540,Alphabet (Google Class C),22.07.2026 16:21:28
22.07.2026 20:21:24,Prices,345.835000,"Last, Low",Yahoo Finance,29798540,Alphabet (Google Class C),22.07.2026 20:21:28
15.07.2026 17:35:02,Prices,40.235000,,Yahoo Finance,3246398,iShares Core MSCI Europe UCITS ETF EUR Dist,16.07.2026 08:20:26
16.07.2026 14:27:35,Prices,39.935000,Low,Yahoo Finance,3246398,iShares Core MSCI Europe UCITS ETF EUR Dist,16.07.2026 14:51:08
16.07.2026 17:35:19,Prices,40.305000,"Last, High",Yahoo Finance,3246398,iShares Core MSCI Europe UCITS ETF EUR Dist,16.07.2026 18:41:26
17.07.2026 11:05:42,Prices,39.985000,Low,Yahoo Finance,3246398,iShares Core MSCI Europe UCITS ETF EUR Dist,17.07.2026 11:21:09
17.07.2026 17:35:14,Prices,40.160000,"Last, High",Yahoo Finance,3246398,iShares Core MSCI Europe UCITS ETF EUR Dist,17.07.2026 19:30:42
20.07.2026 15:00:49,Prices,40.140000,High,Yahoo Finance,3246398,iShares Core MSCI Europe UCITS ETF EUR Dist,20.07.2026 15:17:04
20.07.2026 17:35:00,Prices,40.025000,"Last, Low",Yahoo Finance,3246398,iShares Core MSCI Europe UCITS ETF EUR Dist,20.07.2026 20:18:58
21.07.2026 15:56:04,Prices,40.050000,Low,Yahoo Finance,3246398,iShares Core MSCI Europe UCITS ETF EUR Dist,21.07.2026 16:20:47
21.07.2026 17:35:27,Prices,40.280000,"Last, High",Yahoo Finance,3246398,iShares Core MSCI Europe UCITS ETF EUR Dist,21.07.2026 18:41:03
22.07.2026 13:42:55,Prices,40.430000,Low,Yahoo Finance,3246398,iShares Core MSCI Europe UCITS ETF EUR Dist,22.07.2026 14:03:20
22.07.2026 16:01:17,Prices,40.610000,High,Yahoo Finance,3246398,iShares Core MSCI Europe UCITS ETF EUR Dist,22.07.2026 16:21:28
22.07.2026 17:35:09,Prices,40.500000,Last,Yahoo Finance,3246398,iShares Core MSCI Europe UCITS ETF EUR Dist,22.07.2026 18:44:22
15.07.2026 09:08:32,Prices,82.700000,Low,Yahoo Finance,3886335,Nestlé SA,15.07.2026 09:23:59
15.07.2026 17:31:23,Prices,83.860000,"Last, High",Yahoo Finance,3886335,Nestlé SA,15.07.2026 17:56:34
16.07.2026 14:36:02,Prices,83.190000,Low,Yahoo Finance,3886335,Nestlé SA,16.07.2026 14:51:08
16.07.2026 17:31:59,Prices,84.500000,"Last, High",Yahoo Finance,3886335,Nestlé SA,16.07.2026 18:41:26
17.07.2026 13:24:40,Prices,84.970000,Low,Yahoo Finance,3886335,Nestlé SA,17.07.2026 13:40:08
17.07.2026 15:47:16,Prices,85.650000,High,Yahoo Finance,3886335,Nestlé SA,17.07.2026 16:02:23
17.07.2026 17:31:48,Prices,85.550000,Last,Yahoo Finance,3886335,Nestlé SA,17.07.2026 19:30:42
20.07.2026 09:13:00,Prices,84.780000,Low,Yahoo Finance,3886335,Nestlé SA,20.07.2026 09:28:18
20.07.2026 17:31:25,Prices,85.730000,"Last, High",Yahoo Finance,3886335,Nestlé SA,20.07.2026 20:18:58
21.07.2026 09:12:03,Prices,85.130000,High,Yahoo Finance,3886335,Nestlé SA,21.07.2026 09:27:08
21.07.2026 17:30:31,Prices,84.280000,"Last, Low",Yahoo Finance,3886335,Nestlé SA,21.07.2026 18:41:03
22.07.2026 11:22:56,Prices,85.930000,Low,Yahoo Finance,3886335,Nestlé SA,22.07.2026 11:38:22
22.07.2026 16:06:21,Prices,86.740000,High,Yahoo Finance,3886335,Nestlé SA,22.07.2026 16:21:28
22.07.2026 17:31:44,Prices,86.170000,Last,Yahoo Finance,3886335,Nestlé SA,22.07.2026 18:44:22
15.07.2026 09:24:00,Prices,1869.310000,Low,CoinGecko,40149561,ETH - Ethereum,15.07.2026 09:24:00
15.07.2026 17:56:35,Prices,1931.600000,High,CoinGecko,40149561,ETH - Ethereum,15.07.2026 17:56:35
15.07.2026 23:52:26,Prices,1919.350000,Last,CoinGecko,40149561,ETH - Ethereum,15.07.2026 23:52:26
16.07.2026 00:52:50,Prices,1923.510000,High,CoinGecko,40149561,ETH - Ethereum,16.07.2026 00:52:50
16.07.2026 22:18:17,Prices,1870.960000,Low,CoinGecko,40149561,ETH - Ethereum,16.07.2026 22:18:17
16.07.2026 23:15:27,Prices,1874.630000,Last,Yahoo Finance,40149561,ETH - Ethereum,16.07.2026 23:15:29
17.07.2026 00:16:02,Prices,1878.040000,High,Yahoo Finance,40149561,ETH - Ethereum,17.07.2026 00:16:14
17.07.2026 17:38:45,Prices,1824.330000,Low,Yahoo Finance,40149561,ETH - Ethereum,17.07.2026 17:38:47
17.07.2026 23:07:24,Prices,1843.910000,Last,Yahoo Finance,40149561,ETH - Ethereum,17.07.2026 23:07:27
18.07.2026 01:07:24,Prices,1836.150000,Low,Yahoo Finance,40149561,ETH - Ethereum,18.07.2026 01:07:27
18.07.2026 23:05:44,Prices,1856.880000,"Last, High",Yahoo Finance,40149561,ETH - Ethereum,18.07.2026 23:06:00
19.07.2026 17:14:22,Prices,1873.210000,High,Yahoo Finance,40149561,ETH - Ethereum,19.07.2026 17:14:31
19.07.2026 21:31:42,Prices,1858.450000,Low,Yahoo Finance,40149561,ETH - Ethereum,19.07.2026 21:31:47
19.07.2026 23:06:39,Prices,1865.650000,Last,Yahoo Finance,40149561,ETH - Ethereum,19.07.2026 23:06:47
20.07.2026 09:28:15,Prices,1857.040000,Low,Yahoo Finance,40149561,ETH - Ethereum,20.07.2026 09:28:18
20.07.2026 20:18:52,Prices,1911.570000,High,Yahoo Finance,40149561,ETH - Ethereum,20.07.2026 20:18:58
20.07.2026 22:40:24,Prices,1904.300000,Last,Yahoo Finance,40149561,ETH - Ethereum,20.07.2026 22:40:30
21.07.2026 01:14:12,Prices,1897.940000,Low,Yahoo Finance,40149561,ETH - Ethereum,21.07.2026 01:14:21
21.07.2026 11:38:54,Prices,1939.970000,High,Yahoo Finance,40149561,ETH - Ethereum,21.07.2026 11:39:07
21.07.2026 22:36:06,Prices,1924.380000,Last,Yahoo Finance,40149561,ETH - Ethereum,21.07.2026 22:36:09
22.07.2026 01:10:54,Prices,1916.000000,Low,Yahoo Finance,40149561,ETH - Ethereum,22.07.2026 01:10:57
22.07.2026 18:44:18,Prices,1950.840000,High,Yahoo Finance,40149561,ETH - Ethereum,22.07.2026 18:44:22
22.07.2026 20:21:22,Prices,1937.040000,Last,Yahoo Finance,40149561,ETH - Ethereum,22.07.2026 20:21:28
15.07.2026 09:28:03,Prices,57.260000,Low,Yahoo Finance,41125207,VanEck S&P Global Mining UCITS ETF (GDIG),15.07.2026 10:16:45
15.07.2026 14:54:13,Prices,58.060000,High,Yahoo Finance,41125207,VanEck S&P Global Mining UCITS ETF (GDIG),15.07.2026 15:48:20
15.07.2026 19:21:53,Prices,57.440000,Last,Yahoo Finance,41125207,VanEck S&P Global Mining UCITS ETF (GDIG),15.07.2026 22:03:26
16.07.2026 09:45:48,Prices,56.967000,High,Yahoo Finance,41125207,VanEck S&P Global Mining UCITS ETF (GDIG),16.07.2026 10:36:32
16.07.2026 16:56:32,Prices,55.810000,Low,Yahoo Finance,41125207,VanEck S&P Global Mining UCITS ETF (GDIG),16.07.2026 17:13:25
16.07.2026 17:35:09,Prices,56.370000,Last,Yahoo Finance,41125207,VanEck S&P Global Mining UCITS ETF (GDIG),16.07.2026 18:41:26
17.07.2026 15:40:07,Prices,54.160000,Low,Yahoo Finance,41125207,VanEck S&P Global Mining UCITS ETF (GDIG),17.07.2026 16:02:23
17.07.2026 17:35:00,Prices,55.240000,"Last, High",Yahoo Finance,41125207,VanEck S&P Global Mining UCITS ETF (GDIG),17.07.2026 19:30:42
20.07.2026 12:54:45,Prices,55.090000,High,Yahoo Finance,41125207,VanEck S&P Global Mining UCITS ETF (GDIG),20.07.2026 13:12:48
20.07.2026 16:55:11,Prices,54.960000,Low,Yahoo Finance,41125207,VanEck S&P Global Mining UCITS ETF (GDIG),20.07.2026 17:22:38
20.07.2026 17:35:04,Prices,55.070000,Last,Yahoo Finance,41125207,VanEck S&P Global Mining UCITS ETF (GDIG),20.07.2026 20:18:58
21.07.2026 16:00:08,Prices,55.980000,Low,Yahoo Finance,41125207,VanEck S&P Global Mining UCITS ETF (GDIG),21.07.2026 16:20:47
21.07.2026 17:35:26,Prices,56.870000,"Last, High",Yahoo Finance,41125207,VanEck S&P Global Mining UCITS ETF (GDIG),21.07.2026 18:41:03
22.07.2026 13:40:55,Prices,57.780000,Low,Yahoo Finance,41125207,VanEck S&P Global Mining UCITS ETF (GDIG),22.07.2026 14:03:20
22.07.2026 17:35:10,Prices,59.130000,"Last, High",Yahoo Finance,41125207,VanEck S&P Global Mining UCITS ETF (GDIG),22.07.2026 18:44:22
15.07.2026 17:31:23,Prices,161.850000,"Last, Low, High",Yahoo Finance,41879292,Sika Ltd,15.07.2026 22:03:26
16.07.2026 10:19:46,Prices,161.150000,High,Yahoo Finance,41879292,Sika Ltd,16.07.2026 10:36:32
16.07.2026 14:34:05,Prices,158.850000,Low,Yahoo Finance,41879292,Sika Ltd,16.07.2026 14:51:08
16.07.2026 17:31:59,Prices,159.800000,Last,Yahoo Finance,41879292,Sika Ltd,16.07.2026 18:41:26
17.07.2026 11:05:50,Prices,158.400000,Low,Yahoo Finance,41879292,Sika Ltd,17.07.2026 11:21:09
17.07.2026 15:47:18,Prices,159.200000,High,Yahoo Finance,41879292,Sika Ltd,17.07.2026 16:02:23
17.07.2026 17:31:48,Prices,158.400000,Last,Yahoo Finance,41879292,Sika Ltd,17.07.2026 19:30:42
20.07.2026 09:13:15,Prices,157.300000,High,Yahoo Finance,41879292,Sika Ltd,20.07.2026 09:28:18
20.07.2026 12:57:12,Prices,155.300000,Low,Yahoo Finance,41879292,Sika Ltd,20.07.2026 13:12:48
20.07.2026 17:31:25,Prices,155.400000,Last,Yahoo Finance,41879292,Sika Ltd,20.07.2026 20:18:58
21.07.2026 11:23:56,Prices,154.250000,Low,Yahoo Finance,41879292,Sika Ltd,21.07.2026 11:39:07
21.07.2026 17:30:31,Prices,156.000000,"Last, High",Yahoo Finance,41879292,Sika Ltd,21.07.2026 18:41:03
22.07.2026 16:06:05,Prices,160.500000,High,Yahoo Finance,41879292,Sika Ltd,22.07.2026 16:21:28
22.07.2026 17:31:44,Prices,157.600000,"Last, Low",Yahoo Finance,41879292,Sika Ltd,22.07.2026 18:44:22
15.07.2026 17:31:23,Prices,55.360000,"Last, Low, High",Yahoo Finance,43249246,Alcon AG,15.07.2026 22:03:26
16.07.2026 10:20:20,Prices,55.380000,Low,Yahoo Finance,43249246,Alcon AG,16.07.2026 10:36:32
16.07.2026 16:57:52,Prices,56.980000,High,Yahoo Finance,43249246,Alcon AG,16.07.2026 17:13:25
16.07.2026 17:31:59,Prices,56.940000,Last,Yahoo Finance,43249246,Alcon AG,16.07.2026 18:41:26
17.07.2026 15:47:17,Prices,57.620000,High,Yahoo Finance,43249246,Alcon AG,17.07.2026 16:02:23
17.07.2026 17:19:55,Prices,56.660000,Low,Yahoo Finance,43249246,Alcon AG,17.07.2026 17:38:47
17.07.2026 17:31:48,Prices,56.700000,Last,Yahoo Finance,43249246,Alcon AG,17.07.2026 19:30:42
20.07.2026 09:10:32,Prices,56.440000,Low,Yahoo Finance,43249246,Alcon AG,20.07.2026 09:28:18
20.07.2026 17:31:25,Prices,56.760000,"Last, High",Yahoo Finance,43249246,Alcon AG,20.07.2026 20:18:58
21.07.2026 09:11:41,Prices,55.960000,High,Yahoo Finance,43249246,Alcon AG,21.07.2026 09:27:08
21.07.2026 13:43:34,Prices,55.380000,Low,Yahoo Finance,43249246,Alcon AG,21.07.2026 13:59:31
21.07.2026 17:30:31,Prices,55.820000,Last,Yahoo Finance,43249246,Alcon AG,21.07.2026 18:41:03
22.07.2026 13:47:25,Prices,55.440000,High,Yahoo Finance,43249246,Alcon AG,22.07.2026 14:03:20
22.07.2026 17:31:44,Prices,54.900000,"Last, Low",Yahoo Finance,43249246,Alcon AG,22.07.2026 18:44:22
15.07.2026 17:31:23,Prices,212.400000,"Last, Low, High",Yahoo Finance,46664220,Helvetia Baloise Holding AG,15.07.2026 22:03:26
16.07.2026 12:51:31,Prices,211.400000,Low,Yahoo Finance,46664220,Helvetia Baloise Holding AG,16.07.2026 13:11:42
16.07.2026 17:31:59,Prices,212.600000,"Last, High",Yahoo Finance,46664220,Helvetia Baloise Holding AG,16.07.2026 18:41:26
17.07.2026 13:22:17,Prices,213.800000,Low,Yahoo Finance,46664220,Helvetia Baloise Holding AG,17.07.2026 13:40:08
17.07.2026 17:31:48,Prices,215.000000,"Last, High",Yahoo Finance,46664220,Helvetia Baloise Holding AG,17.07.2026 19:30:42
20.07.2026 09:11:42,Prices,213.800000,High,Yahoo Finance,46664220,Helvetia Baloise Holding AG,20.07.2026 09:28:18
20.07.2026 17:06:52,Prices,211.000000,Low,Yahoo Finance,46664220,Helvetia Baloise Holding AG,20.07.2026 17:22:38
20.07.2026 17:31:25,Prices,212.000000,Last,Yahoo Finance,46664220,Helvetia Baloise Holding AG,20.07.2026 20:18:58
21.07.2026 09:11:40,Prices,211.800000,Low,Yahoo Finance,46664220,Helvetia Baloise Holding AG,21.07.2026 09:27:08
21.07.2026 17:30:31,Prices,215.600000,"Last, High",Yahoo Finance,46664220,Helvetia Baloise Holding AG,21.07.2026 18:41:03
22.07.2026 11:22:30,Prices,218.200000,High,Yahoo Finance,46664220,Helvetia Baloise Holding AG,22.07.2026 11:38:22
22.07.2026 17:31:44,Prices,217.200000,"Last, Low",Yahoo Finance,46664220,Helvetia Baloise Holding AG,22.07.2026 18:44:22
31.12.2025 16:00:00,Prices,0.931000,,frankfurter.app,897789,EUR/CHF,11.07.2026 06:48:57
10.07.2026 16:00:00,Prices,0.922300,,frankfurter.app,897789,EUR/CHF,11.07.2026 06:48:57
13.07.2026 16:00:00,Prices,0.925300,,frankfurter.app,897789,EUR/CHF,14.07.2026 10:10:29
14.07.2026 16:00:00,Prices,0.925700,,frankfurter.app,897789,EUR/CHF,15.07.2026 07:16:06
15.07.2026 14:39:52,Prices,0.925300,High,Yahoo Finance,897789,EUR/CHF,15.07.2026 14:39:53
15.07.2026 17:56:33,Prices,0.922500,Low,Yahoo Finance,897789,EUR/CHF,15.07.2026 17:56:34
15.07.2026 23:52:20,Prices,0.922500,Last,Yahoo Finance,897789,EUR/CHF,15.07.2026 23:52:24
16.07.2026 01:53:03,Prices,0.922400,Low,Yahoo Finance,897789,EUR/CHF,16.07.2026 01:53:05
16.07.2026 18:41:21,Prices,0.925500,High,Yahoo Finance,897789,EUR/CHF,16.07.2026 18:41:26
16.07.2026 23:15:17,Prices,0.924900,Last,Yahoo Finance,897789,EUR/CHF,16.07.2026 23:15:29
17.07.2026 02:12:02,Prices,0.925300,High,Yahoo Finance,897789,EUR/CHF,17.07.2026 02:12:07
17.07.2026 13:40:05,Prices,0.922600,Low,Yahoo Finance,897789,EUR/CHF,17.07.2026 13:40:08
17.07.2026 23:07:05,Prices,0.923000,Last,Yahoo Finance,897789,EUR/CHF,17.07.2026 23:07:27
17.07.2026 23:28:22,Prices,0.923000,,Yahoo Finance,897789,EUR/CHF,18.07.2026 19:14:01
17.07.2026 23:29:05,Prices,0.923000,,Yahoo Finance,897789,EUR/CHF,18.07.2026 00:06:18
19.07.2026 21:30:21,Prices,0.923600,High,Yahoo Finance,897789,EUR/CHF,19.07.2026 21:31:47
19.07.2026 23:06:23,Prices,0.923000,"Last, Low",Yahoo Finance,897789,EUR/CHF,19.07.2026 23:06:47
20.07.2026 09:28:14,Prices,0.923500,Low,Yahoo Finance,897789,EUR/CHF,20.07.2026 09:28:18
20.07.2026 22:40:26,Prices,0.924800,"Last, High",Yahoo Finance,897789,EUR/CHF,20.07.2026 22:40:30
21.07.2026 00:12:32,Prices,0.924700,Low,Yahoo Finance,897789,EUR/CHF,21.07.2026 00:12:37
21.07.2026 20:39:47,Prices,0.926800,High,Yahoo Finance,897789,EUR/CHF,21.07.2026 20:39:50
21.07.2026 22:36:05,Prices,0.926500,Last,Yahoo Finance,897789,EUR/CHF,21.07.2026 22:36:09
22.07.2026 00:12:33,Prices,0.926400,Low,Yahoo Finance,897789,EUR/CHF,22.07.2026 00:12:49
22.07.2026 20:21:25,Prices,0.929400,"Last, High",Yahoo Finance,897789,EUR/CHF,22.07.2026 20:21:28
14.07.2026 22:00:01,Prices,314.860000,,Yahoo Finance,908440,Apple,15.07.2026 08:24:34
15.07.2026 15:48:16,Prices,320.560000,Low,Yahoo Finance,908440,Apple,15.07.2026 15:48:20
15.07.2026 22:00:00,Prices,327.500000,"Last, High",Yahoo Finance,908440,Apple,15.07.2026 22:03:26
16.07.2026 18:41:18,Prices,330.345000,Low,Yahoo Finance,908440,Apple,16.07.2026 18:41:26
16.07.2026 22:00:01,Prices,333.260000,"Last, High",Yahoo Finance,908440,Apple,16.07.2026 22:18:16
17.07.2026 16:02:14,Prices,330.025000,Low,Yahoo Finance,908440,Apple,17.07.2026 16:02:23
17.07.2026 17:38:41,Prices,333.845000,High,Yahoo Finance,908440,Apple,17.07.2026 17:38:47
17.07.2026 22:00:01,Prices,333.740000,Last,Yahoo Finance,908440,Apple,17.07.2026 23:07:27
20.07.2026 17:22:34,Prices,324.580000,Low,Yahoo Finance,908440,Apple,20.07.2026 17:22:38
20.07.2026 22:00:00,Prices,326.590000,"Last, High",Yahoo Finance,908440,Apple,20.07.2026 22:40:30
21.07.2026 16:20:32,Prices,325.880000,Low,Yahoo Finance,908440,Apple,21.07.2026 16:20:47
21.07.2026 18:40:54,Prices,328.050000,High,Yahoo Finance,908440,Apple,21.07.2026 18:41:03
21.07.2026 22:00:01,Prices,327.740000,Last,Yahoo Finance,908440,Apple,21.07.2026 22:36:09
22.07.2026 16:21:21,Prices,324.930000,High,Yahoo Finance,908440,Apple,22.07.2026 16:21:28
22.07.2026 20:21:19,Prices,323.920000,"Last, Low",Yahoo Finance,908440,Apple,22.07.2026 20:21:28
14.07.2026 22:00:01,Prices,384.930000,,Yahoo Finance,951692,Microsoft,15.07.2026 08:24:34
15.07.2026 15:48:17,Prices,388.635000,Low,Yahoo Finance,951692,Microsoft,15.07.2026 15:48:20
15.07.2026 17:56:30,Prices,397.625000,High,Yahoo Finance,951692,Microsoft,15.07.2026 17:56:34
15.07.2026 22:00:01,Prices,395.630000,Last,Yahoo Finance,951692,Microsoft,15.07.2026 22:03:26
16.07.2026 17:13:21,Prices,397.840000,Low,Yahoo Finance,951692,Microsoft,16.07.2026 17:13:25
16.07.2026 20:19:15,Prices,404.470000,High,Yahoo Finance,951692,Microsoft,16.07.2026 20:19:20
16.07.2026 22:00:00,Prices,401.100000,Last,Yahoo Finance,951692,Microsoft,16.07.2026 22:18:16
17.07.2026 17:38:40,Prices,391.560000,Low,Yahoo Finance,951692,Microsoft,17.07.2026 17:38:47
17.07.2026 21:31:57,Prices,395.230000,High,Yahoo Finance,951692,Microsoft,17.07.2026 21:32:06
17.07.2026 22:00:01,Prices,393.820000,Last,Yahoo Finance,951692,Microsoft,17.07.2026 23:07:27
20.07.2026 17:22:35,Prices,397.710000,Low,Yahoo Finance,951692,Microsoft,20.07.2026 17:22:38
20.07.2026 22:00:01,Prices,402.290000,"Last, High",Yahoo Finance,951692,Microsoft,20.07.2026 22:40:30
21.07.2026 16:20:37,Prices,399.990000,High,Yahoo Finance,951692,Microsoft,21.07.2026 16:20:47
21.07.2026 22:00:01,Prices,397.750000,"Last, Low",Yahoo Finance,951692,Microsoft,21.07.2026 22:36:09
22.07.2026 16:21:22,Prices,390.530000,High,Yahoo Finance,951692,Microsoft,22.07.2026 16:21:28
22.07.2026 20:21:24,Prices,387.960000,"Last, Low",Yahoo Finance,951692,Microsoft,22.07.2026 20:21:28
14.07.2026 22:00:00,Prices,211.800000,,Yahoo Finance,994529,Nvidia,15.07.2026 08:24:34
15.07.2026 17:56:30,Prices,208.540000,Low,Yahoo Finance,994529,Nvidia,15.07.2026 17:56:34
15.07.2026 22:00:00,Prices,212.500000,"Last, High",Yahoo Finance,994529,Nvidia,15.07.2026 22:03:26
16.07.2026 17:13:21,Prices,205.980000,Low,Yahoo Finance,994529,Nvidia,16.07.2026 17:13:25
16.07.2026 18:41:19,Prices,207.440000,High,Yahoo Finance,994529,Nvidia,16.07.2026 18:41:26
16.07.2026 22:00:00,Prices,207.400000,Last,Yahoo Finance,994529,Nvidia,16.07.2026 22:18:16
17.07.2026 16:02:15,Prices,202.730000,Low,Yahoo Finance,994529,Nvidia,17.07.2026 16:02:23
17.07.2026 19:30:34,Prices,206.190000,High,Yahoo Finance,994529,Nvidia,17.07.2026 19:30:42
17.07.2026 22:00:01,Prices,202.810000,Last,Yahoo Finance,994529,Nvidia,17.07.2026 23:07:27
20.07.2026 17:22:28,Prices,206.110000,High,Yahoo Finance,994529,Nvidia,20.07.2026 17:22:38
20.07.2026 22:00:01,Prices,203.280000,"Last, Low",Yahoo Finance,994529,Nvidia,20.07.2026 22:40:30
21.07.2026 16:20:40,Prices,205.355000,Low,Yahoo Finance,994529,Nvidia,21.07.2026 16:20:47
21.07.2026 22:00:00,Prices,207.290000,"Last, High",Yahoo Finance,994529,Nvidia,21.07.2026 22:36:09
22.07.2026 16:21:22,Prices,207.320000,Low,Yahoo Finance,994529,Nvidia,22.07.2026 16:21:28
22.07.2026 20:21:15,Prices,213.700000,"Last, High",Yahoo Finance,994529,Nvidia,22.07.2026 20:21:28
16.07.2026 08:20:24,Prices,1.090900,High,Yahoo Finance,GBP/CHF,GBP/CHF,16.07.2026 08:20:26
16.07.2026 23:15:23,Prices,1.088600,"Last, Low",Yahoo Finance,GBP/CHF,GBP/CHF,16.07.2026 23:15:29
17.07.2026 01:12:39,Prices,1.089500,High,Yahoo Finance,GBP/CHF,GBP/CHF,17.07.2026 01:12:45
17.07.2026 11:21:08,Prices,1.084200,Low,Yahoo Finance,GBP/CHF,GBP/CHF,17.07.2026 11:21:09
17.07.2026 23:07:05,Prices,1.085700,Last,Yahoo Finance,GBP/CHF,GBP/CHF,17.07.2026 23:07:27
17.07.2026 23:28:22,Prices,1.085700,,Yahoo Finance,GBP/CHF,GBP/CHF,18.07.2026 19:14:01
17.07.2026 23:29:05,Prices,1.085700,,Yahoo Finance,GBP/CHF,GBP/CHF,18.07.2026 00:06:18
19.07.2026 21:28:21,Prices,1.087200,High,Yahoo Finance,GBP/CHF,GBP/CHF,19.07.2026 21:31:47
19.07.2026 23:06:44,Prices,1.086400,"Last, Low",Yahoo Finance,GBP/CHF,GBP/CHF,19.07.2026 23:06:47
20.07.2026 00:08:17,Prices,1.086300,Low,Yahoo Finance,GBP/CHF,GBP/CHF,20.07.2026 00:08:19
20.07.2026 15:17:01,Prices,1.088700,High,Yahoo Finance,GBP/CHF,GBP/CHF,20.07.2026 15:17:04
20.07.2026 22:40:26,Prices,1.088200,Last,Yahoo Finance,GBP/CHF,GBP/CHF,20.07.2026 22:40:30
21.07.2026 08:40:58,Prices,1.089200,High,Yahoo Finance,GBP/CHF,GBP/CHF,21.07.2026 08:41:02
21.07.2026 16:20:45,Prices,1.086400,Low,Yahoo Finance,GBP/CHF,GBP/CHF,21.07.2026 16:20:47
21.07.2026 22:36:05,Prices,1.087300,Last,Yahoo Finance,GBP/CHF,GBP/CHF,21.07.2026 22:36:09
22.07.2026 11:38:21,Prices,1.085600,Low,Yahoo Finance,GBP/CHF,GBP/CHF,22.07.2026 11:38:22
22.07.2026 20:21:26,Prices,1.089200,"Last, High",Yahoo Finance,GBP/CHF,GBP/CHF,22.07.2026 20:21:28
16.07.2026 08:10:17,Prices,4038.400000,High,Yahoo Finance,Gold (USD/oz),Gold (USD/oz),16.07.2026 08:20:26
16.07.2026 22:33:41,Prices,3978.400000,Low,Yahoo Finance,Gold (USD/oz),Gold (USD/oz),16.07.2026 22:44:21
16.07.2026 22:59:57,Prices,3979.900000,Last,Yahoo Finance,Gold (USD/oz),Gold (USD/oz),16.07.2026 23:15:29
17.07.2026 00:06:11,Prices,3980.700000,Low,Yahoo Finance,Gold (USD/oz),Gold (USD/oz),17.07.2026 00:16:14
17.07.2026 22:57:23,Prices,4021.700000,"Last, High",Yahoo Finance,Gold (USD/oz),Gold (USD/oz),17.07.2026 23:07:27
17.07.2026 22:59:59,Prices,4023.000000,,Yahoo Finance,Gold (USD/oz),Gold (USD/oz),18.07.2026 00:06:18
20.07.2026 02:01:25,Prices,3991.500000,Low,Yahoo Finance,Gold (USD/oz),Gold (USD/oz),20.07.2026 02:11:28
20.07.2026 05:53:20,Prices,4030.300000,High,Yahoo Finance,Gold (USD/oz),Gold (USD/oz),20.07.2026 06:03:30
20.07.2026 22:29:48,Prices,4012.100000,Last,Yahoo Finance,Gold (USD/oz),Gold (USD/oz),20.07.2026 22:40:30
21.07.2026 01:04:17,Prices,4008.200000,Low,Yahoo Finance,Gold (USD/oz),Gold (USD/oz),21.07.2026 01:14:21
21.07.2026 20:29:47,Prices,4088.900000,High,Yahoo Finance,Gold (USD/oz),Gold (USD/oz),21.07.2026 20:39:50
21.07.2026 22:25:21,Prices,4087.100000,Last,Yahoo Finance,Gold (USD/oz),Gold (USD/oz),21.07.2026 22:36:09
22.07.2026 00:02:32,Prices,4083.600000,Low,Yahoo Finance,Gold (USD/oz),Gold (USD/oz),22.07.2026 00:12:49
22.07.2026 16:11:25,Prices,4162.800000,High,Yahoo Finance,Gold (USD/oz),Gold (USD/oz),22.07.2026 16:21:28
22.07.2026 20:11:10,Prices,4145.100000,Last,Yahoo Finance,Gold (USD/oz),Gold (USD/oz),22.07.2026 20:21:28
16.07.2026 08:19:49,Prices,0.005000,"Low, High",Yahoo Finance,JPY/CHF,JPY/CHF,16.07.2026 08:20:26
16.07.2026 23:15:24,Prices,0.005000,Last,Yahoo Finance,JPY/CHF,JPY/CHF,16.07.2026 23:15:29
17.07.2026 00:15:56,Prices,0.005000,"Low, High",Yahoo Finance,JPY/CHF,JPY/CHF,17.07.2026 00:16:14
17.07.2026 23:07:05,Prices,0.005000,Last,Yahoo Finance,JPY/CHF,JPY/CHF,17.07.2026 23:07:27
17.07.2026 23:29:05,Prices,0.005000,,Yahoo Finance,JPY/CHF,JPY/CHF,18.07.2026 00:06:18
18.07.2026 06:21:16,Prices,0.005000,"Last, Low, High",Yahoo Finance,JPY/CHF,JPY/CHF,18.07.2026 08:17:22
19.07.2026 06:21:57,Prices,0.005000,"Low, High",Yahoo Finance,JPY/CHF,JPY/CHF,19.07.2026 08:42:32
19.07.2026 23:06:39,Prices,0.005000,Last,Yahoo Finance,JPY/CHF,JPY/CHF,19.07.2026 23:06:47
20.07.2026 00:08:17,Prices,0.005000,"Low, High",Yahoo Finance,JPY/CHF,JPY/CHF,20.07.2026 00:08:19
20.07.2026 22:40:24,Prices,0.005000,Last,Yahoo Finance,JPY/CHF,JPY/CHF,20.07.2026 22:40:30
21.07.2026 00:12:23,Prices,0.005000,"Low, High",Yahoo Finance,JPY/CHF,JPY/CHF,21.07.2026 00:12:37
21.07.2026 22:35:39,Prices,0.005000,Last,Yahoo Finance,JPY/CHF,JPY/CHF,21.07.2026 22:36:09
22.07.2026 00:12:38,Prices,0.005000,"Low, High",Yahoo Finance,JPY/CHF,JPY/CHF,22.07.2026 00:12:49
22.07.2026 20:21:17,Prices,0.005000,Last,Yahoo Finance,JPY/CHF,JPY/CHF,22.07.2026 20:21:28
16.07.2026 13:11:30,Prices,1667.780000,High,Yahoo Finance,MSCI ACWI - Emerging Markets (USD),MSCI ACWI - Emerging Markets (USD),16.07.2026 13:11:42
16.07.2026 22:37:53,Prices,1664.010000,Low,Yahoo Finance,MSCI ACWI - Emerging Markets (USD),MSCI ACWI - Emerging Markets (USD),16.07.2026 22:44:21
16.07.2026 23:07:53,Prices,1664.010000,Last,Yahoo Finance,MSCI ACWI - Emerging Markets (USD),MSCI ACWI - Emerging Markets (USD),16.07.2026 23:15:29
17.07.2026 00:07:53,Prices,1664.010000,High,Yahoo Finance,MSCI ACWI - Emerging Markets (USD),MSCI ACWI - Emerging Markets (USD),17.07.2026 00:16:14
17.07.2026 21:32:00,Prices,1617.970000,Low,Yahoo Finance,MSCI ACWI - Emerging Markets (USD),MSCI ACWI - Emerging Markets (USD),17.07.2026 21:32:06
17.07.2026 22:52:56,Prices,1620.660000,Last,Yahoo Finance,MSCI ACWI - Emerging Markets (USD),MSCI ACWI - Emerging Markets (USD),17.07.2026 23:07:27
17.07.2026 23:52:56,Prices,1620.660000,,Yahoo Finance,MSCI ACWI - Emerging Markets (USD),MSCI ACWI - Emerging Markets (USD),18.07.2026 00:06:18
18.07.2026 00:52:56,Prices,1620.660000,"Low, High",Yahoo Finance,MSCI ACWI - Emerging Markets (USD),MSCI ACWI - Emerging Markets (USD),18.07.2026 01:07:27
18.07.2026 22:52:52,Prices,1620.660000,Last,Yahoo Finance,MSCI ACWI - Emerging Markets (USD),MSCI ACWI - Emerging Markets (USD),18.07.2026 23:06:00
18.07.2026 23:52:52,Prices,1620.660000,,Yahoo Finance,MSCI ACWI - Emerging Markets (USD),MSCI ACWI - Emerging Markets (USD),19.07.2026 00:06:56
19.07.2026 01:07:53,Prices,1620.660000,"Low, High",Yahoo Finance,MSCI ACWI - Emerging Markets (USD),MSCI ACWI - Emerging Markets (USD),19.07.2026 01:10:02
19.07.2026 22:52:55,Prices,1620.660000,Last,Yahoo Finance,MSCI ACWI - Emerging Markets (USD),MSCI ACWI - Emerging Markets (USD),19.07.2026 23:06:47
20.07.2026 00:07:55,Prices,1620.660000,High,Yahoo Finance,MSCI ACWI - Emerging Markets (USD),MSCI ACWI - Emerging Markets (USD),20.07.2026 00:08:19
20.07.2026 09:28:15,Prices,1613.680000,Low,Yahoo Finance,MSCI ACWI - Emerging Markets (USD),MSCI ACWI - Emerging Markets (USD),20.07.2026 09:28:18
20.07.2026 22:37:58,Prices,1616.900000,Last,Yahoo Finance,MSCI ACWI - Emerging Markets (USD),MSCI ACWI - Emerging Markets (USD),20.07.2026 22:40:30
21.07.2026 02:09:45,Prices,1614.500000,Low,Yahoo Finance,MSCI ACWI - Emerging Markets (USD),MSCI ACWI - Emerging Markets (USD),21.07.2026 02:09:48
21.07.2026 09:27:00,Prices,1654.090000,High,Yahoo Finance,MSCI ACWI - Emerging Markets (USD),MSCI ACWI - Emerging Markets (USD),21.07.2026 09:27:08
21.07.2026 22:32:15,Prices,1653.290000,Last,Yahoo Finance,MSCI ACWI - Emerging Markets (USD),MSCI ACWI - Emerging Markets (USD),21.07.2026 22:36:09
22.07.2026 02:06:15,Prices,1672.920000,High,Yahoo Finance,MSCI ACWI - Emerging Markets (USD),MSCI ACWI - Emerging Markets (USD),22.07.2026 02:06:19
22.07.2026 14:03:15,Prices,1649.710000,Low,Yahoo Finance,MSCI ACWI - Emerging Markets (USD),MSCI ACWI - Emerging Markets (USD),22.07.2026 14:03:20
22.07.2026 20:21:15,Prices,1653.450000,Last,Yahoo Finance,MSCI ACWI - Emerging Markets (USD),MSCI ACWI - Emerging Markets (USD),22.07.2026 20:21:28
16.07.2026 08:20:00,Prices,4873.980000,High,Yahoo Finance,MSCI World,MSCI World,16.07.2026 08:20:26
16.07.2026 22:18:00,Prices,4853.880000,Low,Yahoo Finance,MSCI World,MSCI World,16.07.2026 22:18:16
16.07.2026 23:08:10,Prices,4854.420000,Last,Yahoo Finance,MSCI World,MSCI World,16.07.2026 23:15:29
17.07.2026 00:08:10,Prices,4854.420000,High,Yahoo Finance,MSCI World,MSCI World,17.07.2026 00:16:14
17.07.2026 21:32:00,Prices,4806.330000,Low,Yahoo Finance,MSCI World,MSCI World,17.07.2026 21:32:06
17.07.2026 22:53:13,Prices,4807.710000,Last,Yahoo Finance,MSCI World,MSCI World,17.07.2026 23:07:27
17.07.2026 23:53:13,Prices,4807.710000,,Yahoo Finance,MSCI World,MSCI World,18.07.2026 00:06:18
18.07.2026 00:53:13,Prices,4807.710000,"Low, High",Yahoo Finance,MSCI World,MSCI World,18.07.2026 01:07:27
18.07.2026 22:53:09,Prices,4807.710000,Last,Yahoo Finance,MSCI World,MSCI World,18.07.2026 23:06:00
18.07.2026 23:53:09,Prices,4807.710000,,Yahoo Finance,MSCI World,MSCI World,19.07.2026 00:06:56
19.07.2026 01:08:09,Prices,4807.710000,"Low, High",Yahoo Finance,MSCI World,MSCI World,19.07.2026 01:10:02
19.07.2026 22:53:12,Prices,4807.710000,Last,Yahoo Finance,MSCI World,MSCI World,19.07.2026 23:06:47
20.07.2026 17:22:30,Prices,4813.050000,High,Yahoo Finance,MSCI World,MSCI World,20.07.2026 17:22:38
20.07.2026 22:38:15,Prices,4793.310000,"Last, Low",Yahoo Finance,MSCI World,MSCI World,20.07.2026 22:40:30
21.07.2026 00:08:15,Prices,4793.310000,Low,Yahoo Finance,MSCI World,MSCI World,21.07.2026 00:12:37
21.07.2026 18:41:00,Prices,4837.760000,High,Yahoo Finance,MSCI World,MSCI World,21.07.2026 18:41:03
21.07.2026 22:23:17,Prices,4835.980000,Last,Yahoo Finance,MSCI World,MSCI World,21.07.2026 22:36:09
22.07.2026 00:08:18,Prices,4835.980000,Low,Yahoo Finance,MSCI World,MSCI World,22.07.2026 00:12:49
22.07.2026 18:44:15,Prices,4847.940000,High,Yahoo Finance,MSCI World,MSCI World,22.07.2026 18:44:22
22.07.2026 20:21:15,Prices,4842.070000,Last,Yahoo Finance,MSCI World,MSCI World,22.07.2026 20:21:28
20.07.2026 23:15:59,Prices,25508.072000,,Yahoo Finance,Nasdaq Composite,Nasdaq Composite,21.07.2026 08:41:02
21.07.2026 16:20:35,Prices,25744.506000,Low,Yahoo Finance,Nasdaq Composite,Nasdaq Composite,21.07.2026 16:20:47
21.07.2026 18:40:50,Prices,25849.680000,High,Yahoo Finance,Nasdaq Composite,Nasdaq Composite,21.07.2026 18:41:03
21.07.2026 22:35:59,Prices,25837.207000,Last,Yahoo Finance,Nasdaq Composite,Nasdaq Composite,21.07.2026 22:36:09
21.07.2026 23:15:59,Prices,25837.207000,,Yahoo Finance,Nasdaq Composite,Nasdaq Composite,22.07.2026 00:12:49
22.07.2026 16:21:16,Prices,25752.133000,Low,Yahoo Finance,Nasdaq Composite,Nasdaq Composite,22.07.2026 16:21:28
22.07.2026 18:44:10,Prices,25802.344000,High,Yahoo Finance,Nasdaq Composite,Nasdaq Composite,22.07.2026 18:44:22
22.07.2026 20:21:24,Prices,25754.797000,Last,Yahoo Finance,Nasdaq Composite,Nasdaq Composite,22.07.2026 20:21:28
16.07.2026 08:10:15,Prices,57.715000,High,Yahoo Finance,Silver (USD/oz),Silver (USD/oz),16.07.2026 08:20:26
16.07.2026 22:34:07,Prices,55.765000,Low,Yahoo Finance,Silver (USD/oz),Silver (USD/oz),16.07.2026 22:44:21
16.07.2026 22:59:55,Prices,55.765000,Last,Yahoo Finance,Silver (USD/oz),Silver (USD/oz),16.07.2026 23:15:29
17.07.2026 13:30:01,Prices,55.675000,Low,Yahoo Finance,Silver (USD/oz),Silver (USD/oz),17.07.2026 13:40:08
17.07.2026 19:20:25,Prices,56.340000,High,Yahoo Finance,Silver (USD/oz),Silver (USD/oz),17.07.2026 19:30:42
17.07.2026 22:57:23,Prices,56.180000,Last,Yahoo Finance,Silver (USD/oz),Silver (USD/oz),17.07.2026 23:07:27
17.07.2026 22:59:58,Prices,56.220000,,Yahoo Finance,Silver (USD/oz),Silver (USD/oz),18.07.2026 00:06:18
20.07.2026 01:00:20,Prices,55.950000,Low,Yahoo Finance,Silver (USD/oz),Silver (USD/oz),20.07.2026 01:11:04
20.07.2026 05:53:22,Prices,57.455000,High,Yahoo Finance,Silver (USD/oz),Silver (USD/oz),20.07.2026 06:03:30
20.07.2026 22:30:11,Prices,56.655000,Last,Yahoo Finance,Silver (USD/oz),Silver (USD/oz),20.07.2026 22:40:30
21.07.2026 01:04:15,Prices,56.505000,Low,Yahoo Finance,Silver (USD/oz),Silver (USD/oz),21.07.2026 01:14:21
21.07.2026 11:28:58,Prices,59.450000,High,Yahoo Finance,Silver (USD/oz),Silver (USD/oz),21.07.2026 11:39:07
21.07.2026 22:25:30,Prices,58.990000,Last,Yahoo Finance,Silver (USD/oz),Silver (USD/oz),21.07.2026 22:36:09
22.07.2026 01:00:13,Prices,59.050000,Low,Yahoo Finance,Silver (USD/oz),Silver (USD/oz),22.07.2026 01:10:57
22.07.2026 16:11:17,Prices,61.085000,High,Yahoo Finance,Silver (USD/oz),Silver (USD/oz),22.07.2026 16:21:28
22.07.2026 20:11:21,Prices,60.260000,Last,Yahoo Finance,Silver (USD/oz),Silver (USD/oz),22.07.2026 20:21:28
15.07.2026 17:31:23,Prices,41.860000,,Yahoo Finance,Sunrise Communications AG,Sunrise Communications AG,16.07.2026 08:20:26
16.07.2026 12:55:19,Prices,41.800000,Low,Yahoo Finance,Sunrise Communications AG,Sunrise Communications AG,16.07.2026 13:11:42
16.07.2026 17:31:59,Prices,42.180000,"Last, High",Yahoo Finance,Sunrise Communications AG,Sunrise Communications AG,16.07.2026 18:41:26
17.07.2026 15:45:00,Prices,42.800000,High,Yahoo Finance,Sunrise Communications AG,Sunrise Communications AG,17.07.2026 16:02:23
17.07.2026 17:31:48,Prices,42.580000,"Last, Low",Yahoo Finance,Sunrise Communications AG,Sunrise Communications AG,17.07.2026 19:30:42
20.07.2026 09:10:37,Prices,42.720000,High,Yahoo Finance,Sunrise Communications AG,Sunrise Communications AG,20.07.2026 09:28:18
20.07.2026 17:31:25,Prices,42.120000,"Last, Low",Yahoo Finance,Sunrise Communications AG,Sunrise Communications AG,20.07.2026 20:18:58
21.07.2026 09:08:54,Prices,41.900000,High,Yahoo Finance,Sunrise Communications AG,Sunrise Communications AG,21.07.2026 09:27:08
21.07.2026 16:04:59,Prices,41.620000,Low,Yahoo Finance,Sunrise Communications AG,Sunrise Communications AG,21.07.2026 16:20:47
21.07.2026 17:30:31,Prices,41.660000,Last,Yahoo Finance,Sunrise Communications AG,Sunrise Communications AG,21.07.2026 18:41:03
22.07.2026 11:23:00,Prices,42.100000,High,Yahoo Finance,Sunrise Communications AG,Sunrise Communications AG,22.07.2026 11:38:22
22.07.2026 17:31:44,Prices,41.840000,"Last, Low",Yahoo Finance,Sunrise Communications AG,Sunrise Communications AG,22.07.2026 18:44:22
20.07.2026 17:40:00,Prices,20033.110000,,Yahoo Finance,Swiss Performance Index (SPI),Swiss Performance Index (SPI),21.07.2026 08:41:02
21.07.2026 09:12:00,Prices,20000.490000,Low,Yahoo Finance,Swiss Performance Index (SPI),Swiss Performance Index (SPI),21.07.2026 09:27:08
21.07.2026 17:40:00,Prices,20095.030000,"Last, High",Yahoo Finance,Swiss Performance Index (SPI),Swiss Performance Index (SPI),21.07.2026 18:41:03
22.07.2026 16:06:01,Prices,20190.790000,High,Yahoo Finance,Swiss Performance Index (SPI),Swiss Performance Index (SPI),22.07.2026 16:21:28
22.07.2026 17:40:01,Prices,20091.250000,"Last, Low",Yahoo Finance,Swiss Performance Index (SPI),Swiss Performance Index (SPI),22.07.2026 18:44:22
15.07.2026 17:35:16,Prices,1025.400000,,Yahoo Finance,iShares Core FTSE 100 (GBp),iShares Core FTSE 100 (GBp),16.07.2026 08:20:26
16.07.2026 10:20:45,Prices,1020.800000,Low,Yahoo Finance,iShares Core FTSE 100 (GBp),iShares Core FTSE 100 (GBp),16.07.2026 10:36:32
16.07.2026 17:35:29,Prices,1030.600000,"Last, High",Yahoo Finance,iShares Core FTSE 100 (GBp),iShares Core FTSE 100 (GBp),16.07.2026 18:41:26
17.07.2026 11:05:44,Prices,1029.400000,Low,Yahoo Finance,iShares Core FTSE 100 (GBp),iShares Core FTSE 100 (GBp),17.07.2026 11:21:09
17.07.2026 17:35:20,Prices,1033.000000,"Last, High",Yahoo Finance,iShares Core FTSE 100 (GBp),iShares Core FTSE 100 (GBp),17.07.2026 19:30:42
20.07.2026 12:57:07,Prices,1029.000000,High,Yahoo Finance,iShares Core FTSE 100 (GBp),iShares Core FTSE 100 (GBp),20.07.2026 13:12:48
20.07.2026 17:07:34,Prices,1024.800000,Low,Yahoo Finance,iShares Core FTSE 100 (GBp),iShares Core FTSE 100 (GBp),20.07.2026 17:22:38
20.07.2026 17:35:18,Prices,1025.400000,Last,Yahoo Finance,iShares Core FTSE 100 (GBp),iShares Core FTSE 100 (GBp),20.07.2026 20:18:58
21.07.2026 09:10:39,Prices,1023.200000,Low,Yahoo Finance,iShares Core FTSE 100 (GBp),iShares Core FTSE 100 (GBp),21.07.2026 09:27:08
21.07.2026 17:35:00,Prices,1032.200000,"Last, High",Yahoo Finance,iShares Core FTSE 100 (GBp),iShares Core FTSE 100 (GBp),21.07.2026 18:41:03
22.07.2026 16:05:53,Prices,1048.604000,High,Yahoo Finance,iShares Core FTSE 100 (GBp),iShares Core FTSE 100 (GBp),22.07.2026 16:21:28
22.07.2026 17:35:15,Prices,1043.400000,"Last, Low",Yahoo Finance,iShares Core FTSE 100 (GBp),iShares Core FTSE 100 (GBp),22.07.2026 18:44:22
